energy;B;F;hep;N;O;pp
0.0;0.0;0.0;0.0;0.0;0.0;0.0
0.01;19.3844;1105.1492093;0.0;192872.7;49105.4308357;826099650.794
0.02;38.7688;4317.59314286;0.0145393331915;720513.0;193547.428571;3214778666.67
0.03;96.0204;9635.55885714;0.0339011097872;1573488.0;430651.285714;7041703809.52
0.04;153.272;16895.6977143;0.0563186225532;2769660.0;757634.142857;12170810476.2
0.05;246.1368;26190.0514286;0.0884126331915;4268220.0;1172101.42857;18471911765.9
0.06;339.0016;37440.1411765;0.12531955508;6061140.0;1677438.57143;25849317722.2
0.07;465.6764;50344.0285714;0.170782763636;8170497.0;2255475.0;34167949369.0
0.08;592.3512;65080.0;0.222151141489;10521697.5;2911675.0;43310312757.9
0.09;751.2582;81489.4571429;0.279665715957;13133808.0;3648418.57143;53174840230.2
0.1;910.1652;99717.0222222;0.344273907853;15992170.8197;4508400.0;63636910071.4
0.11;1099.5012;119964.133333;0.413417363351;19106640.0;5353725.0;74597202333.3
0.12;1288.8372;141060.9;0.494506311111;22478400.0;6319466.66667;85942333853.2
0.13;1506.5736;163459.266667;0.580714755556;25957200.0;7326150.0;97566189306.9
0.14;1724.31;188325.25;0.674178031579;29703600.0;8395450.0;1.093756755e+11
0.15;1969.3198;212811.6;0.7684474;33516900.0;9589983.33333;1.21269741151e+11
0.16;2214.3296;241121.4;0.876618242105;37731600.0;10815825.0;1.33146810746e+11
0.17;2484.8096;268210.95;0.985701368421;42013200.0;12022400.0;1.44910893833e+11
0.18;2755.2896;299042.6;1.10299505263;46361700.0;13395150.0;1.56469918429e+11
0.19;3049.4366;331148.733333;1.22289526316;51044700.0;14749837.5;1.67723975611e+11
0.2;3343.5836;361194.0;1.35322157895;55727700.0;16184000.0;1.785913545e+11
0.21;3659.5944;394818.666667;1.489847;60611400.0;17725333.3333;1.88966414257e+11
0.22;3975.6052;429528.0;1.64117033333;65428200.0;19218500.0;1.9877512004e+11
0.23;4312.1274;462068.0;1.79502778947;70646400.0;20711666.6667;2.07918384917e+11
0.24;4648.6496;501116.0;1.95141936842;75663900.0;22445666.6667;2.16316323476e+11
0.25;5003.2038;536910.0;2.113024;81015900.0;24131500.0;2.23869435472e+11
0.26;5357.758;574873.333333;2.278104;86367900.0;25721000.0;2.30490132321e+11
0.27;5728.0902;613921.333333;2.45230684211;91719900.0;27455000.0;2.36081449964e+11
0.28;6098.4224;652427.0;2.63041947368;97071900.0;29189000.0;2.4054876821e+11
0.29;6479.7992;692017.333333;2.81895821053;102624600.0;30971166.6667;2.43791000194e+11
0.3;6861.176;732963.5;3.01010347368;108177300.0;32849666.6667;2.45691805873e+11
0.31;7244.1306;774452.0;3.21906;113663100.0;34680000.0;2.46139569e+11
0.32;7627.0852;816754.0;3.43018863158;119282700.0;36510333.3333;2.44995424349e+11
0.33;8016.8018;858242.5;3.64305494737;124835400.0;38437000.0;2.42102873587e+11
0.34;8406.5184;900273.333333;3.85852778947;130388100.0;40460000.0;2.3728508081e+11
0.35;8875.8012;945829.333333;4.08442673684;136007700.0;42338500.0;2.30309582286e+11
0.36;9345.084;989216.0;4.31293221053;141694200.0;44361500.0;2.20882709254e+11
0.37;9834.4274;1033687.33333;4.54751957895;147180000.0;46203875.0;2.08605066429e+11
0.38;10323.7708;1077887.5;4.79282266667;152665800.0;48166666.6667;1.92909152594e+11
0.39;10832.0478;1122630.0;5.05419933333;158151600.0;50334166.6667;1.72865655032e+11
0.4;11340.3248;1168186.0;5.31514157895;163704300.0;52236750.0;1.46793886107e+11
0.41;11864.8306;1212928.5;5.57579421053;169056300.0;54283833.3333;1.10859993679e+11
0.42;12389.3364;1257128.66667;5.84252873684;174408300.0;56246625.0;44196992408.7
0.43;12933.452;1303227.0;6.11186978947;179760300.0;58233500.0;0.0
0.44;13477.5676;1350410.0;6.39163694737;184911600.0;60401000.0;0.0
0.45;14050.0836;1394881.33333;6.67401063158;190062900.0;62424000.0;0.0
0.46;14622.5996;1442335.5;6.96420389474;195080400.0;64410875.0;0.0
0.47;15213.373;1487078.0;7.255266;200298600.0;66518166.6667;0.0
0.48;15804.1464;1532634.0;7.57625488889;204714000.0;68493000.0;0.0
0.49;16412.0502;1577376.5;7.89473378947;210066000.0;70588250.0;0.0
0.5;17019.954;1621576.66667;8.20317273684;214080000.0;72635333.3333;0.0
0.51;17641.1564;1667675.0;8.52334105263;218763000.0;74598125.0;0.0
0.52;18262.3588;1712688.66667;8.87087789474;223446000.0;76585000.0;0.0
0.53;18904.9742;1759329.33333;9.20103789474;227460000.0;78608000.0;0.0
0.54;19547.5896;1803529.5;9.50513263158;230805000.0;80775500.0;0.0
0.55;20219.507;1845018.0;9.83094842105;236157000.0;82617875.0;0.0
0.56;20891.4244;1893828.0;10.1784852632;239502000.0;84580666.6667;0.0
0.57;21581.1484;1935316.5;10.56512;242847000.0;86483250.0;0.0
0.58;22270.8724;1979516.66667;10.97782;246192000.0;88506250.0;0.0
0.59;22977.276;2020734.0;11.3383894737;249537000.0;90360666.6667;0.0
0.6;23683.6796;2061951.33333;11.6859263158;252882000.0;92335500.0;0.0
0.61;24404.7342;2106422.66667;12.0725610526;256494600.0;94069500.0;0.0
0.62;25125.7888;2148453.5;12.46354;259906500.0;95948000.0;0.0
0.63;25866.904;2186688.0;12.8545189474;263251500.0;97826500.0;0.0
0.64;26608.0192;2228990.0;13.24767;264924000.0;99560500.0;0.0
0.65;27370.0966;2268038.0;13.66037;267934500.0;101390833.333;0.0
0.66;28132.174;2308170.66667;14.0665536842;269272500.0;103173000.0;0.0
0.67;28910.4802;2346134.0;14.4575326316;272617500.0;104810666.667;0.0
0.68;29688.7864;2383012.66667;14.8658884211;273955500.0;106544666.667;0.0
0.69;30482.8706;2420976.0;15.3003094737;275293500.0;108230500.0;0.0
0.7;31276.9548;2460024.0;15.7347305263;276966000.0;109820000.0;0.0
0.71;32085.4646;2492564.0;16.1691515789;277969500.0;111409500.0;0.0
0.72;32893.9744;2531612.0;16.6035726316;278973000.0;112999000.0;0.0
0.73;33720.0654;2564152.0;17.0379936842;278973000.0;114588500.0;0.0
0.74;34546.1564;2598861.33333;17.4893088889;280980000.0;116033500.0;0.0
0.75;35389.1524;2630859.0;17.9478644444;280980000.0;117478500.0;0.0
0.76;36232.1484;2661772.0;18.4237968421;280980000.0;118827166.667;0.0
0.77;37089.7954;2693498.5;18.90166;280980000.0;120272166.667;0.0
0.78;37947.4424;2723598.0;19.3795231579;280980000.0;121632875.0;0.0
0.79;38818.8388;2752884.0;19.8573863158;280980000.0;122969500.0;0.0
0.8;39690.2352;2782170.0;20.3352494737;278973000.0;124270000.0;0.0
0.81;40573.3524;2809015.5;20.8184222222;278638500.0;125317625.0;0.0
0.82;41456.4696;2835318.66667;21.3228333333;276966000.0;126582000.0;0.0
0.83;42358.9712;2861893.0;21.8340021053;275962500.0;127738000.0;0.0
0.84;43261.4728;2885213.33333;22.3553073684;274624500.0;128821750.0;0.0
0.85;44179.0762;2908262.5;22.8548915789;272952000.0;129857333.333;0.0
0.86;45096.6796;2931854.0;23.3327547368;269941500.0;130844750.0;0.0
0.87;46027.1308;2954632.0;23.8366831579;268603500.0;131856250.0;0.0
0.88;46957.582;2974156.0;24.3579884211;265258500.0;132651000.0;0.0
0.89;47900.4302;2995307.0;24.8792936842;261913500.0;133518000.0;0.0
0.9;48843.2784;3012119.33333;25.4005989474;260575500.0;134312750.0;0.0
0.91;49794.4664;3029474.0;25.9817577778;257230500.0;135155666.667;0.0
0.92;50745.6544;3044659.33333;26.57788;252882000.0;135878166.667;0.0
0.93;51720.284;3060387.0;27.0991852632;248533500.0;136552500.0;0.0
0.94;52694.9136;3075030.0;27.6248347368;245188500.0;137178666.667;0.0
0.95;53682.8418;3088046.0;28.1895821053;240840000.0;137744625.0;0.0
0.96;54670.77;3101062.0;28.7543294737;236491500.0;138142000.0;0.0
0.97;55670.6444;3110010.5;29.3190768421;231474000.0;138720000.0;0.0
0.98;56670.5188;3119501.33333;29.8838242105;226791000.0;139153500.0;0.0
0.99;57681.4378;3128721.0;30.4485715789;222108000.0;139406375.0;0.0
1.0;58692.3568;3136856.0;31.11758;214749000.0;139876000.0;0.0
1.01;59711.1648;3143364.0;31.94298;208728000.0;140020500.0;0.0
1.02;60729.9728;3146618.0;32.52076;204714000.0;140165000.0;0.0
1.03;61771.0954;3149872.0;33.09854;196686000.0;140309500.0;0.0
1.04;62812.218;3153126.0;33.63505;188457300.0;140454000.0;0.0
1.05;63864.6106;3153126.0;34.17156;184242600.0;140454000.0;0.0
1.06;64917.0032;3153126.0;34.74934;175411800.0;140454000.0;0.0
1.07;65980.4404;3153126.0;35.32712;166179600.0;140309500.0;0.0
1.08;67043.8776;3149872.0;35.94617;161162100.0;140165000.0;0.0
1.09;68117.2324;3146618.0;36.56522;151127100.0;140020500.0;0.0
1.1;69190.5872;3140110.0;37.143;140289300.0;139731500.0;0.0
1.11;70272.5072;3133602.0;37.72078;134669700.0;139442500.0;0.0
1.12;71354.4272;3123840.0;38.33983;122828400.0;139153500.0;0.0
1.13;72455.2808;3114078.0;38.95888;110184300.0;138720000.0;0.0
1.14;73556.1344;3104316.0;39.57793;103360500.0;138142000.0;0.0
1.15;74667.131;3094554.0;40.19698;88709400.0;137564000.0;0.0
1.16;75778.1276;3081538.0;41.43508;72452700.0;136986000.0;0.0
1.17;76899.4926;3068522.0;42.05413;63621900.0;136408000.0;0.0
1.18;78020.8576;3052252.0;42.67318;42949800.0;135541000.0;0.0
1.19;79151.2386;3035982.0;43.29223;15494040.0;135107500.0;0.0
1.2;80281.6196;3016458.0;43.91128;0.0;134240500.0;0.0
1.21;81420.5658;2996934.0;44.5716;0.0;133373500.0;0.0
1.22;82559.512;2983918.0;45.23192;0.0;132362000.0;0.0
1.23;83713.7854;2961140.0;45.89224;0.0;131350500.0;0.0
1.24;84868.0588;2938362.0;46.55256;0.0;130339000.0;0.0
1.25;86031.5736;2912330.0;47.21288;0.0;129183000.0;0.0
1.26;87195.0884;2886298.0;47.8732;0.0;128027000.0;0.0
1.27;88367.6192;2857012.0;48.53352;0.0;126726500.0;0.0
1.28;89540.15;2830980.0;49.19384;0.0;125859500.0;0.0
1.29;90721.0206;2798440.0;49.85416;0.0;124559000.0;0.0
1.3;91901.8912;2778916.0;50.51448;0.0;123114000.0;0.0
1.31;93091.1016;2746376.0;51.91766;0.0;121669000.0;0.0
1.32;94280.312;2713836.0;52.61925;0.0;120079500.0;0.0
1.33;95481.4686;2678042.0;53.32084;0.0;118490000.0;0.0
1.34;96682.6252;2642248.0;54.02243;0.0;116900500.0;0.0
1.35;97892.1216;2603200.0;54.72402;0.0;115166500.0;0.0
1.36;99101.618;2564152.0;55.42561;0.0;113432500.0;0.0
1.37;100318.5526;2525104.0;56.1272;0.0;112276500.0;0.0
1.38;101535.4872;2495818.0;56.82879;0.0;110398000.0;0.0
1.39;102759.1838;2453516.0;57.53038;0.0;108519500.0;0.0
1.4;103982.8804;2411214.0;58.23197;0.0;106496500.0;0.0
1.41;105214.6914;2365658.0;58.93356;0.0;104473500.0;0.0
1.42;106446.5024;2320102.0;59.67642;0.0;102450500.0;0.0
1.43;107690.9358;2271292.0;60.41928;0.0;100283000.0;0.0
1.44;108935.3692;2222482.0;61.16214;0.0;98115500.0;0.0
1.45;110187.2408;2173672.0;61.905;0.0;95803500.0;0.0
1.46;111439.1124;2137878.0;62.64786;0.0;94358500.0;0.0
1.47;112697.746;2085814.0;63.39072;0.0;92046500.0;0.0
1.48;113956.3796;2033750.0;64.87644;0.0;89590000.0;0.0
1.49;115220.4228;1978432.0;65.6193;0.0;87133500.0;0.0
1.5;116484.466;1923114.0;66.36216;0.0;84677000.0;0.0
1.51;117756.849;1864542.0;67.14629;0.0;82076000.0;0.0
1.52;119029.232;1805970.0;67.93042;0.0;79330500.0;0.0
1.53;120311.9834;1747398.0;68.71455;0.0;76729500.0;0.0
1.54;121594.7348;1705096.0;69.49868;0.0;73984000.0;0.0
1.55;122883.7974;1643270.0;70.24154;0.0;72105500.0;0.0
1.56;124172.86;1578190.0;70.9844;0.0;69215500.0;0.0
1.57;125467.783;1513110.0;71.76853;0.0;66181000.0;0.0
1.58;126762.706;1444776.0;72.55266;0.0;63291000.0;0.0
1.59;128062.8132;1376442.0;73.37806;0.0;60112000.0;0.0
1.6;129362.9204;1308108.0;74.20346;0.0;56933000.0;0.0
1.61;130670.2404;1233266.0;74.98759;0.0;53609500.0;0.0
1.62;131977.5604;1184456.0;75.77172;0.0;50286000.0;0.0
1.63;133292.9948;1109614.0;77.33998;0.0;47974000.0;0.0
1.64;134608.4292;1028264.0;78.16538;0.0;44361500.0;0.0
1.65;135929.4986;946914.0;78.99078;0.0;40749000.0;0.0
1.66;137250.568;862310.0;79.81618;0.0;36847500.0;0.0
1.67;138576.3708;774452.0;80.64158;0.0;32657000.0;0.0
1.68;139902.1736;680086.0;81.46698;0.0;28322000.0;0.0
1.69;141232.259;579212.0;82.29238;0.0;23698000.0;0.0
1.7;142562.3444;507624.0;83.24159;0.0;18351500.0;0.0
1.71;143899.1918;390480.0;84.1908;0.0;12398100.0;0.0
1.72;145236.0392;256089.8;85.0162;0.0;7672950.0;0.0
1.73;146579.1978;95342.2;85.8416;0.0;0.0;0.0
1.74;147922.3564;0.0;86.667;0.0;0.0;0.0
1.75;149269.5722;0.0;87.4924;0.0;0.0;0.0
1.76;150616.788;0.0;88.3178;0.0;0.0;0.0
1.77;151968.061;0.0;89.1432;0.0;0.0;0.0
1.78;153319.334;0.0;90.794;0.0;0.0;0.0
1.79;154672.4102;0.0;91.6194;0.0;0.0;0.0
1.8;156025.4864;0.0;92.4448;0.0;0.0;0.0
1.81;157387.804;0.0;93.2702;0.0;0.0;0.0
1.82;158750.1216;0.0;94.0956;0.0;0.0;0.0
1.83;160117.8488;0.0;94.921;0.0;0.0;0.0
1.84;161485.576;0.0;95.7464;0.0;0.0;0.0
1.85;162856.9096;0.0;96.5718;0.0;0.0;0.0
1.86;164228.2432;0.0;97.3972;0.0;0.0;0.0
1.87;165602.507;0.0;98.2226;0.0;0.0;0.0
1.88;166976.7708;0.0;99.048;0.0;0.0;0.0
1.89;168352.1616;0.0;100.2861;0.0;0.0;0.0
1.9;169727.5524;0.0;101.5242;0.0;0.0;0.0
1.91;171111.9592;0.0;102.3496;0.0;0.0;0.0
1.92;172496.366;0.0;103.175;0.0;0.0;0.0
1.93;173884.1538;0.0;104.8258;0.0;0.0;0.0
1.94;175271.9416;0.0;105.6512;0.0;0.0;0.0
1.95;176662.4342;0.0;106.4766;0.0;0.0;0.0
1.96;178052.9268;0.0;107.302;0.0;0.0;0.0
1.97;179445.6734;0.0;108.1274;0.0;0.0;0.0
1.98;180838.42;0.0;109.3655;0.0;0.0;0.0
1.99;182231.392;0.0;110.6036;0.0;0.0;0.0
2.0;183624.364;0.0;111.429;0.0;0.0;0.0
2.01;185026.5774;0.0;112.2544;0.0;0.0;0.0
2.02;186428.7908;0.0;113.0798;0.0;0.0;0.0
2.03;187833.2582;0.0;113.9052;0.0;0.0;0.0
2.04;189237.7256;0.0;114.7306;0.0;0.0;0.0
2.05;190643.9962;0.0;115.556;0.0;0.0;0.0
2.06;192050.2668;0.0;116.7941;0.0;0.0;0.0
2.07;193458.1152;0.0;118.0322;0.0;0.0;0.0
2.08;194865.9636;0.0;118.8576;0.0;0.0;0.0
2.09;196273.812;0.0;119.683;0.0;0.0;0.0
2.1;197681.6604;0.0;121.3338;0.0;0.0;0.0
2.11;199097.1724;0.0;122.1592;0.0;0.0;0.0
2.12;200512.6844;0.0;122.9846;0.0;0.0;0.0
2.13;201929.5488;0.0;124.2227;0.0;0.0;0.0
2.14;203346.4132;0.0;125.4608;0.0;0.0;0.0
2.15;204764.63;0.0;126.2862;0.0;0.0;0.0
2.16;206182.8468;0.0;127.1116;0.0;0.0;0.0
2.17;207601.289;0.0;128.3497;0.0;0.0;0.0
2.18;209019.7312;0.0;129.5878;0.0;0.0;0.0
2.19;210438.6242;0.0;130.4132;0.0;0.0;0.0
2.2;211857.5172;0.0;131.2386;0.0;0.0;0.0
2.21;213282.496;0.0;132.064;0.0;0.0;0.0
2.22;214707.4748;0.0;132.8894;0.0;0.0;0.0
2.23;216133.1298;0.0;134.1275;0.0;0.0;0.0
2.24;217558.7848;0.0;135.3656;0.0;0.0;0.0
2.25;218985.116;0.0;137.0164;0.0;0.0;0.0
2.26;220411.4472;0.0;137.8418;0.0;0.0;0.0
2.27;221837.3276;0.0;138.6672;0.0;0.0;0.0
2.28;223263.208;0.0;139.9053;0.0;0.0;0.0
2.29;224689.3138;0.0;141.1434;0.0;0.0;0.0
2.3;226115.4196;0.0;141.9688;0.0;0.0;0.0
2.31;227546.2588;0.0;142.7942;0.0;0.0;0.0
2.32;228977.098;0.0;144.0323;0.0;0.0;0.0
2.33;230407.9372;0.0;145.2704;0.0;0.0;0.0
2.34;231838.7764;0.0;146.0958;0.0;0.0;0.0
2.35;233269.3902;0.0;146.9212;0.0;0.0;0.0
2.36;234700.004;0.0;148.1593;0.0;0.0;0.0
2.37;236129.4908;0.0;149.3974;0.0;0.0;0.0
2.38;237558.9776;0.0;150.2228;0.0;0.0;0.0
2.39;238988.6898;0.0;151.0482;0.0;0.0;0.0
2.4;240418.402;0.0;153.5244;0.0;0.0;0.0
2.41;241852.3968;0.0;154.3498;0.0;0.0;0.0
2.42;243286.3916;0.0;155.1752;0.0;0.0;0.0
2.43;244719.7102;0.0;156.4133;0.0;0.0;0.0
2.44;246153.0288;0.0;157.6514;0.0;0.0;0.0
2.45;247585.4458;0.0;158.4768;0.0;0.0;0.0
2.46;249017.8628;0.0;159.3022;0.0;0.0;0.0
2.47;250448.2512;0.0;160.5403;0.0;0.0;0.0
2.48;251878.6396;0.0;161.7784;0.0;0.0;0.0
2.49;253309.4788;0.0;162.6038;0.0;0.0;0.0
2.5;254740.318;0.0;163.4292;0.0;0.0;0.0
2.51;256173.6366;0.0;164.6673;0.0;0.0;0.0
2.52;257606.9552;0.0;165.9054;0.0;0.0;0.0
2.53;259039.1468;0.0;166.7308;0.0;0.0;0.0
2.54;260471.3384;0.0;167.5562;0.0;0.0;0.0
2.55;261901.5014;0.0;170.0324;0.0;0.0;0.0
2.56;263331.6644;0.0;170.8578;0.0;0.0;0.0
2.57;264759.1226;0.0;171.6832;0.0;0.0;0.0
2.58;266186.5808;0.0;172.9213;0.0;0.0;0.0
2.59;267615.166;0.0;174.1594;0.0;0.0;0.0
2.6;269043.7512;0.0;175.3975;0.0;0.0;0.0
2.61;270473.6888;0.0;176.6356;0.0;0.0;0.0
2.62;271903.6264;0.0;177.461;0.0;0.0;0.0
2.63;273331.31;0.0;178.2864;0.0;0.0;0.0
2.64;274758.9936;0.0;179.5245;0.0;0.0;0.0
2.65;276184.4232;0.0;180.7626;0.0;0.0;0.0
2.66;277609.8528;0.0;181.588;0.0;0.0;0.0
2.67;279031.676;0.0;182.4134;0.0;0.0;0.0
2.68;280453.4992;0.0;183.6515;0.0;0.0;0.0
2.69;281876.9002;0.0;184.8896;0.0;0.0;0.0
2.7;283300.3012;0.0;187.3658;0.0;0.0;0.0
2.71;284723.4768;0.0;188.1912;0.0;0.0;0.0
2.72;286146.6524;0.0;189.0166;0.0;0.0;0.0
2.73;287567.1232;0.0;190.2547;0.0;0.0;0.0
2.74;288987.594;0.0;191.4928;0.0;0.0;0.0
2.75;290405.36;0.0;192.7309;0.0;0.0;0.0
2.76;291823.126;0.0;193.969;0.0;0.0;0.0
2.77;293235.9332;0.0;194.7944;0.0;0.0;0.0
2.78;294648.7404;0.0;195.6198;0.0;0.0;0.0
2.79;296064.2524;0.0;196.8579;0.0;0.0;0.0
2.8;297479.7644;0.0;198.096;0.0;0.0;0.0
2.81;298893.6986;0.0;199.3341;0.0;0.0;0.0
2.82;300307.6328;0.0;200.5722;0.0;0.0;0.0
2.83;301718.4114;0.0;201.3976;0.0;0.0;0.0
2.84;303129.19;0.0;202.223;0.0;0.0;0.0
2.85;304536.1368;0.0;203.4611;0.0;0.0;0.0
2.86;305943.0836;0.0;204.6992;0.0;0.0;0.0
2.87;307344.3954;0.0;207.1754;0.0;0.0;0.0
2.88;308745.7072;0.0;208.0008;0.0;0.0;0.0
2.89;310151.0762;0.0;208.8262;0.0;0.0;0.0
2.9;311556.4452;0.0;210.0643;0.0;0.0;0.0
2.91;312958.4332;0.0;211.3024;0.0;0.0;0.0
2.92;314360.4212;0.0;212.5405;0.0;0.0;0.0
2.93;315758.8028;0.0;213.7786;0.0;0.0;0.0
2.94;317157.1844;0.0;214.604;0.0;0.0;0.0
2.95;318551.5088;0.0;215.4294;0.0;0.0;0.0
2.96;319945.8332;0.0;216.6675;0.0;0.0;0.0
2.97;321334.748;0.0;217.9056;0.0;0.0;0.0
2.98;322723.6628;0.0;219.1437;0.0;0.0;0.0
2.99;324114.3808;0.0;220.3818;0.0;0.0;0.0
3.0;325505.0988;0.0;221.6199;0.0;0.0;0.0
3.01;326891.985;0.0;222.858;0.0;0.0;0.0
3.02;328278.8712;0.0;224.5088;0.0;0.0;0.0
3.03;329661.4748;0.0;225.7469;0.0;0.0;0.0
3.04;331044.0784;0.0;226.985;0.0;0.0;0.0
3.05;332421.9486;0.0;228.2231;0.0;0.0;0.0
3.06;333799.8188;0.0;229.4612;0.0;0.0;0.0
3.07;335172.7302;0.0;230.6993;0.0;0.0;0.0
3.08;336545.6416;0.0;231.9374;0.0;0.0;0.0
3.09;337919.2292;0.0;233.1755;0.0;0.0;0.0
3.1;339292.8168;0.0;234.4136;0.0;0.0;0.0
3.11;340661.8964;0.0;235.239;0.0;0.0;0.0
3.12;342030.976;0.0;236.0644;0.0;0.0;0.0
3.13;343395.5476;0.0;237.3025;0.0;0.0;0.0
3.14;344760.1192;0.0;238.5406;0.0;0.0;0.0
3.15;346119.2812;0.0;239.7787;0.0;0.0;0.0
3.16;347478.4432;0.0;241.0168;0.0;0.0;0.0
3.17;348832.421;0.0;243.493;0.0;0.0;0.0
3.18;350186.3988;0.0;244.3184;0.0;0.0;0.0
3.19;351540.602;0.0;245.1438;0.0;0.0;0.0
3.2;352894.8052;0.0;246.3819;0.0;0.0;0.0
3.21;354244.275;0.0;247.62;0.0;0.0;0.0
3.22;355593.7448;0.0;248.8581;0.0;0.0;0.0
3.23;356938.0304;0.0;250.0962;0.0;0.0;0.0
3.24;358282.316;0.0;251.3343;0.0;0.0;0.0
3.25;359620.5158;0.0;252.5724;0.0;0.0;0.0
3.26;360958.7156;0.0;253.8105;0.0;0.0;0.0
3.27;362292.4074;0.0;255.0486;0.0;0.0;0.0
3.28;363626.0992;0.0;256.2867;0.0;0.0;0.0
3.29;364958.2132;0.0;257.5248;0.0;0.0;0.0
3.3;366290.3272;0.0;258.3502;0.0;0.0;0.0
3.31;367617.0316;0.0;259.1756;0.0;0.0;0.0
3.32;368943.736;0.0;261.6518;0.0;0.0;0.0
3.33;370264.8054;0.0;262.8899;0.0;0.0;0.0
3.34;371585.8748;0.0;264.128;0.0;0.0;0.0
3.35;372900.1822;0.0;265.3661;0.0;0.0;0.0
3.36;374214.4896;0.0;266.6042;0.0;0.0;0.0
3.37;375524.7398;0.0;267.8423;0.0;0.0;0.0
3.38;376834.99;0.0;269.0804;0.0;0.0;0.0
3.39;378143.437;0.0;270.3185;0.0;0.0;0.0
3.4;379451.884;0.0;271.5566;0.0;0.0;0.0
3.41;380754.4706;0.0;272.382;0.0;0.0;0.0
3.42;382057.0572;0.0;273.2074;0.0;0.0;0.0
3.43;383353.7834;0.0;274.4455;0.0;0.0;0.0
3.44;384650.5096;0.0;275.6836;0.0;0.0;0.0
3.45;385940.023;0.0;276.9217;0.0;0.0;0.0
3.46;387229.5364;0.0;278.1598;0.0;0.0;0.0
3.47;388515.218;0.0;279.3979;0.0;0.0;0.0
3.48;389800.8996;0.0;280.636;0.0;0.0;0.0
3.49;391082.9748;0.0;283.1122;0.0;0.0;0.0
3.5;392365.05;0.0;284.3503;0.0;0.0;0.0
3.51;393641.0394;0.0;285.5884;0.0;0.0;0.0
3.52;394917.0288;0.0;286.8265;0.0;0.0;0.0
3.53;396186.4816;0.0;288.0646;0.0;0.0;0.0
3.54;397455.9344;0.0;289.3027;0.0;0.0;0.0
3.55;398717.4982;0.0;290.5408;0.0;0.0;0.0
3.56;399979.062;0.0;291.3662;0.0;0.0;0.0
3.57;401237.6956;0.0;292.1916;0.0;0.0;0.0
3.58;402496.3292;0.0;293.4297;0.0;0.0;0.0
3.59;403750.4548;0.0;294.6678;0.0;0.0;0.0
3.6;405004.5804;0.0;295.9059;0.0;0.0;0.0
3.61;406251.944;0.0;297.144;0.0;0.0;0.0
3.62;407499.3076;0.0;298.3821;0.0;0.0;0.0
3.63;408739.6838;0.0;299.6202;0.0;0.0;0.0
3.64;409980.06;0.0;302.0964;0.0;0.0;0.0
3.65;411211.6456;0.0;303.3345;0.0;0.0;0.0
3.66;412443.2312;0.0;304.5726;0.0;0.0;0.0
3.67;413673.239;0.0;305.8107;0.0;0.0;0.0
3.68;414903.2468;0.0;307.0488;0.0;0.0;0.0
3.69;416127.845;0.0;308.2869;0.0;0.0;0.0
3.7;417352.4432;0.0;309.525;0.0;0.0;0.0
3.71;418569.6032;0.0;310.7631;0.0;0.0;0.0
3.72;419786.7632;0.0;312.0012;0.0;0.0;0.0
3.73;420996.7104;0.0;312.8266;0.0;0.0;0.0
3.74;422206.6576;0.0;313.652;0.0;0.0;0.0
3.75;423406.6872;0.0;314.8901;0.0;0.0;0.0
3.76;424606.7168;0.0;316.1282;0.0;0.0;0.0
3.77;425806.9718;0.0;317.3663;0.0;0.0;0.0
3.78;427007.2268;0.0;318.6044;0.0;0.0;0.0
3.79;428200.269;0.0;321.0806;0.0;0.0;0.0
3.8;429393.3112;0.0;322.3187;0.0;0.0;0.0
3.81;430578.9152;0.0;323.5568;0.0;0.0;0.0
3.82;431764.5192;0.0;324.7949;0.0;0.0;0.0
3.83;432942.2342;0.0;326.033;0.0;0.0;0.0
3.84;434119.9492;0.0;327.2711;0.0;0.0;0.0
3.85;435288.4228;0.0;328.5092;0.0;0.0;0.0
3.86;436456.8964;0.0;329.7473;0.0;0.0;0.0
3.87;437624.0176;0.0;330.9854;0.0;0.0;0.0
3.88;438791.1388;0.0;332.2235;0.0;0.0;0.0
3.89;439950.8218;0.0;333.4616;0.0;0.0;0.0
3.9;441110.5048;0.0;334.6997;0.0;0.0;0.0
3.91;442262.5242;0.0;335.9378;0.0;0.0;0.0
3.92;443414.5436;0.0;337.1759;0.0;0.0;0.0
3.93;444557.9978;0.0;338.414;0.0;0.0;0.0
3.94;445701.452;0.0;340.8902;0.0;0.0;0.0
3.95;446835.8902;0.0;341.7156;0.0;0.0;0.0
3.96;447970.3284;0.0;342.541;0.0;0.0;0.0
3.97;449102.9634;0.0;343.7791;0.0;0.0;0.0
3.98;450235.5984;0.0;345.0172;0.0;0.0;0.0
3.99;451360.3444;0.0;346.2553;0.0;0.0;0.0
4.0;452485.0904;0.0;347.4934;0.0;0.0;0.0
4.01;453601.4966;0.0;348.7315;0.0;0.0;0.0
4.02;454717.9028;0.0;349.9696;0.0;0.0;0.0
4.03;455825.7438;0.0;351.2077;0.0;0.0;0.0
4.04;456933.5848;0.0;352.4458;0.0;0.0;0.0
4.05;458032.6352;0.0;353.6839;0.0;0.0;0.0
4.06;459131.6856;0.0;354.922;0.0;0.0;0.0
4.07;460228.482;0.0;356.1601;0.0;0.0;0.0
4.08;461325.2784;0.0;357.3982;0.0;0.0;0.0
4.09;462413.735;0.0;359.8744;0.0;0.0;0.0
4.1;463502.1916;0.0;361.1125;0.0;0.0;0.0
4.11;464582.083;0.0;362.3506;0.0;0.0;0.0
4.12;465661.9744;0.0;363.5887;0.0;0.0;0.0
4.13;466733.0752;0.0;364.8268;0.0;0.0;0.0
4.14;467804.176;0.0;366.0649;0.0;0.0;0.0
4.15;468866.937;0.0;367.303;0.0;0.0;0.0
4.16;469929.698;0.0;368.5411;0.0;0.0;0.0
4.17;470989.078;0.0;369.7792;0.0;0.0;0.0
4.18;472048.458;0.0;370.6046;0.0;0.0;0.0
4.19;473099.2728;0.0;371.43;0.0;0.0;0.0
4.2;474150.0876;0.0;372.6681;0.0;0.0;0.0
4.21;475192.1118;0.0;373.9062;0.0;0.0;0.0
4.22;476234.136;0.0;375.1443;0.0;0.0;0.0
4.23;477266.468;0.0;376.3824;0.0;0.0;0.0
4.24;478298.8;0.0;377.6205;0.0;0.0;0.0
4.25;479324.1446;0.0;378.8586;0.0;0.0;0.0
4.26;480349.4892;0.0;381.3348;0.0;0.0;0.0
4.27;481370.1004;0.0;382.5729;0.0;0.0;0.0
4.28;482390.7116;0.0;383.811;0.0;0.0;0.0
4.29;483402.5322;0.0;385.0491;0.0;0.0;0.0
4.3;484414.3528;0.0;386.2872;0.0;0.0;0.0
4.31;485416.932;0.0;387.5253;0.0;0.0;0.0
4.32;486419.5112;0.0;388.7634;0.0;0.0;0.0
4.33;487412.1728;0.0;390.0015;0.0;0.0;0.0
4.34;488404.8344;0.0;391.2396;0.0;0.0;0.0
4.35;489390.9594;0.0;392.4777;0.0;0.0;0.0
4.36;490377.0844;0.0;393.7158;0.0;0.0;0.0
4.37;491357.349;0.0;394.9539;0.0;0.0;0.0
4.38;492337.6136;0.0;396.192;0.0;0.0;0.0
4.39;493308.8622;0.0;397.4301;0.0;0.0;0.0
4.4;494280.1108;0.0;398.6682;0.0;0.0;0.0
4.41;495241.6672;0.0;400.319;0.0;0.0;0.0
4.42;496203.2236;0.0;401.5571;0.0;0.0;0.0
4.43;497153.9608;0.0;402.7952;0.0;0.0;0.0
4.44;498104.698;0.0;404.0333;0.0;0.0;0.0
4.45;499050.9272;0.0;405.2714;0.0;0.0;0.0
4.46;499997.1564;0.0;406.5095;0.0;0.0;0.0
4.47;500936.1728;0.0;407.7476;0.0;0.0;0.0
4.48;501875.1892;0.0;408.9857;0.0;0.0;0.0
4.49;502805.1896;0.0;410.2238;0.0;0.0;0.0
4.5;503735.19;0.0;411.4619;0.0;0.0;0.0
4.51;504655.2728;0.0;412.7;0.0;0.0;0.0
4.52;505575.3556;0.0;413.9381;0.0;0.0;0.0
4.53;506483.7176;0.0;415.1762;0.0;0.0;0.0
4.54;507392.0796;0.0;416.4143;0.0;0.0;0.0
4.55;508297.5114;0.0;417.6524;0.0;0.0;0.0
4.56;509202.9432;0.0;420.1286;0.0;0.0;0.0
4.57;510100.0352;0.0;421.3667;0.0;0.0;0.0
4.58;510997.1272;0.0;422.6048;0.0;0.0;0.0
4.59;511884.527;0.0;423.4302;0.0;0.0;0.0
4.6;512771.9268;0.0;424.2556;0.0;0.0;0.0
4.61;513649.409;0.0;425.4937;0.0;0.0;0.0
4.62;514526.8912;0.0;426.7318;0.0;0.0;0.0
4.63;515392.4272;0.0;427.9699;0.0;0.0;0.0
4.64;516257.9632;0.0;429.208;0.0;0.0;0.0
4.65;517121.2452;0.0;430.4461;0.0;0.0;0.0
4.66;517984.5272;0.0;431.6842;0.0;0.0;0.0
4.67;518838.3424;0.0;432.9223;0.0;0.0;0.0
4.68;519692.1576;0.0;434.1604;0.0;0.0;0.0
4.69;520536.0552;0.0;435.3985;0.0;0.0;0.0
4.7;521379.9528;0.0;436.6366;0.0;0.0;0.0
4.71;522213.482;0.0;439.1128;0.0;0.0;0.0
4.72;523047.0112;0.0;440.3509;0.0;0.0;0.0
4.73;523869.2704;0.0;441.589;0.0;0.0;0.0
4.74;524691.5296;0.0;442.4144;0.0;0.0;0.0
4.75;525510.8586;0.0;443.2398;0.0;0.0;0.0
4.76;526330.1876;0.0;444.4779;0.0;0.0;0.0
4.77;527139.8244;0.0;445.716;0.0;0.0;0.0
4.78;527949.4612;0.0;446.9541;0.0;0.0;0.0
4.79;528748.955;0.0;448.1922;0.0;0.0;0.0
4.8;529548.4488;0.0;449.4303;0.0;0.0;0.0
4.81;530337.1234;0.0;450.6684;0.0;0.0;0.0
4.82;531125.798;0.0;451.9065;0.0;0.0;0.0
4.83;531904.1042;0.0;453.1446;0.0;0.0;0.0
4.84;532682.4104;0.0;454.3827;0.0;0.0;0.0
4.85;533456.6594;0.0;455.6208;0.0;0.0;0.0
4.86;534230.9084;0.0;456.4462;0.0;0.0;0.0
4.87;534995.4652;0.0;457.2716;0.0;0.0;0.0
4.88;535760.022;0.0;459.7478;0.0;0.0;0.0
4.89;536514.2104;0.0;460.9859;0.0;0.0;0.0
4.9;537268.3988;0.0;462.224;0.0;0.0;0.0
4.91;538011.768;0.0;463.4621;0.0;0.0;0.0
4.92;538755.1372;0.0;464.7002;0.0;0.0;0.0
4.93;539488.3634;0.0;465.9383;0.0;0.0;0.0
4.94;540221.5896;0.0;467.1764;0.0;0.0;0.0
4.95;540950.3078;0.0;468.4145;0.0;0.0;0.0
4.96;541679.026;0.0;469.6526;0.0;0.0;0.0
4.97;542397.8266;0.0;470.478;0.0;0.0;0.0
4.98;543116.6272;0.0;471.3034;0.0;0.0;0.0
4.99;543824.834;0.0;472.5415;0.0;0.0;0.0
5.0;544533.0408;0.0;473.7796;0.0;0.0;0.0
5.01;545230.203;0.0;475.0177;0.0;0.0;0.0
5.02;545927.3652;0.0;476.2558;0.0;0.0;0.0
5.03;546615.5114;0.0;478.732;0.0;0.0;0.0
5.04;547303.6576;0.0;479.9701;0.0;0.0;0.0
5.05;547986.1688;0.0;481.2082;0.0;0.0;0.0
5.06;548668.68;0.0;482.0336;0.0;0.0;0.0
5.07;549340.8228;0.0;482.859;0.0;0.0;0.0
5.08;550012.9656;0.0;484.0971;0.0;0.0;0.0
5.09;550674.74;0.0;485.3352;0.0;0.0;0.0
5.1;551336.5144;0.0;486.5733;0.0;0.0;0.0
5.11;551986.568;0.0;487.8114;0.0;0.0;0.0
5.12;552636.6216;0.0;489.0495;0.0;0.0;0.0
5.13;553278.5608;0.0;490.2876;0.0;0.0;0.0
5.14;553920.5;0.0;491.5257;0.0;0.0;0.0
5.15;554556.128;0.0;492.7638;0.0;0.0;0.0
5.16;555191.756;0.0;493.5892;0.0;0.0;0.0
5.17;555817.0156;0.0;494.4146;0.0;0.0;0.0
5.18;556442.2752;0.0;496.8908;0.0;0.0;0.0
5.19;557056.7156;0.0;498.1289;0.0;0.0;0.0
5.2;557671.156;0.0;499.367;0.0;0.0;0.0
5.21;558273.6502;0.0;500.6051;0.0;0.0;0.0
5.22;558876.1444;0.0;501.8432;0.0;0.0;0.0
5.23;559471.6512;0.0;502.6686;0.0;0.0;0.0
5.24;560067.158;0.0;503.494;0.0;0.0;0.0
5.25;560655.452;0.0;504.7321;0.0;0.0;0.0
5.26;561243.746;0.0;505.9702;0.0;0.0;0.0
5.27;561821.2208;0.0;507.2083;0.0;0.0;0.0
5.28;562398.6956;0.0;508.4464;0.0;0.0;0.0
5.29;562965.5766;0.0;509.6845;0.0;0.0;0.0
5.3;563532.4576;0.0;510.9226;0.0;0.0;0.0
5.31;564086.4908;0.0;511.748;0.0;0.0;0.0
5.32;564640.524;0.0;512.5734;0.0;0.0;0.0
5.33;565189.373;0.0;515.0496;0.0;0.0;0.0
5.34;565738.222;0.0;516.2877;0.0;0.0;0.0
5.35;566278.2804;0.0;517.5258;0.0;0.0;0.0
5.36;566818.3388;0.0;518.3512;0.0;0.0;0.0
5.37;567347.578;0.0;519.1766;0.0;0.0;0.0
5.38;567876.8172;0.0;520.4147;0.0;0.0;0.0
5.39;568395.2372;0.0;521.6528;0.0;0.0;0.0
5.4;568913.6572;0.0;522.8909;0.0;0.0;0.0
5.41;569418.7786;0.0;524.129;0.0;0.0;0.0
5.42;569923.9;0.0;524.9544;0.0;0.0;0.0
5.43;570425.415;0.0;525.7798;0.0;0.0;0.0
5.44;570926.93;0.0;527.0179;0.0;0.0;0.0
5.45;571418.5274;0.0;528.256;0.0;0.0;0.0
5.46;571910.1248;0.0;529.4941;0.0;0.0;0.0
5.47;572390.6776;0.0;530.7322;0.0;0.0;0.0
5.48;572871.2304;0.0;532.383;0.0;0.0;0.0
5.49;573340.7386;0.0;533.6211;0.0;0.0;0.0
5.5;573810.2468;0.0;534.8592;0.0;0.0;0.0
5.51;574266.6818;0.0;536.0973;0.0;0.0;0.0
5.52;574723.1168;0.0;537.3354;0.0;0.0;0.0
5.53;575176.3962;0.0;538.1608;0.0;0.0;0.0
5.54;575629.6756;0.0;538.9862;0.0;0.0;0.0
5.55;576071.9104;0.0;540.2243;0.0;0.0;0.0
5.56;576514.1452;0.0;541.4624;0.0;0.0;0.0
5.57;576945.7862;0.0;542.7005;0.0;0.0;0.0
5.58;577377.4272;0.0;543.9386;0.0;0.0;0.0
5.59;577797.7982;0.0;544.764;0.0;0.0;0.0
5.6;578218.1692;0.0;545.5894;0.0;0.0;0.0
5.61;578626.3686;0.0;546.8275;0.0;0.0;0.0
5.62;579034.568;0.0;548.0656;0.0;0.0;0.0
5.63;579438.4848;0.0;549.3037;0.0;0.0;0.0
5.64;579842.4016;0.0;550.5418;0.0;0.0;0.0
5.65;580235.7246;0.0;552.1926;0.0;0.0;0.0
5.66;580629.0476;0.0;553.4307;0.0;0.0;0.0
5.67;581011.326;0.0;554.6688;0.0;0.0;0.0
5.68;581393.6044;0.0;555.4942;0.0;0.0;0.0
5.69;581764.162;0.0;556.3196;0.0;0.0;0.0
5.7;582134.7196;0.0;557.5577;0.0;0.0;0.0
5.71;582494.2326;0.0;558.7958;0.0;0.0;0.0
5.72;582853.7456;0.0;560.0339;0.0;0.0;0.0
5.73;583208.7506;0.0;561.272;0.0;0.0;0.0
5.74;583563.7556;0.0;562.0974;0.0;0.0;0.0
5.75;583907.4906;0.0;562.9228;0.0;0.0;0.0
5.76;584251.2256;0.0;564.1609;0.0;0.0;0.0
5.77;584584.1414;0.0;565.399;0.0;0.0;0.0
5.78;584917.0572;0.0;566.2244;0.0;0.0;0.0
5.79;585238.0268;0.0;567.0498;0.0;0.0;0.0
5.8;585558.9964;0.0;569.526;0.0;0.0;0.0
5.81;585869.823;0.0;570.3514;0.0;0.0;0.0
5.82;586180.6496;0.0;571.1768;0.0;0.0;0.0
5.83;586486.0666;0.0;572.4149;0.0;0.0;0.0
5.84;586791.4836;0.0;573.653;0.0;0.0;0.0
5.85;587086.3068;0.0;574.4784;0.0;0.0;0.0
5.86;587381.13;0.0;575.3038;0.0;0.0;0.0
5.87;587664.4578;0.0;576.5419;0.0;0.0;0.0
5.88;587947.7856;0.0;577.78;0.0;0.0;0.0
5.89;588219.1672;0.0;578.6054;0.0;0.0;0.0
5.9;588490.5488;0.0;579.4308;0.0;0.0;0.0
5.91;588753.1398;0.0;580.6689;0.0;0.0;0.0
5.92;589015.7308;0.0;581.907;0.0;0.0;0.0
5.93;589271.5598;0.0;582.7324;0.0;0.0;0.0
5.94;589527.3888;0.0;583.5578;0.0;0.0;0.0
5.95;589772.8494;0.0;586.034;0.0;0.0;0.0
5.96;590018.31;0.0;586.8594;0.0;0.0;0.0
5.97;590252.0498;0.0;587.6848;0.0;0.0;0.0
5.98;590485.7896;0.0;588.9229;0.0;0.0;0.0
5.99;590707.3578;0.0;590.161;0.0;0.0;0.0
6.0;590928.926;0.0;590.9864;0.0;0.0;0.0
6.01;591143.056;0.0;591.8118;0.0;0.0;0.0
6.02;591357.186;0.0;593.0499;0.0;0.0;0.0
6.03;591564.1032;0.0;594.288;0.0;0.0;0.0
6.04;591771.0204;0.0;595.1134;0.0;0.0;0.0
6.05;591966.893;0.0;595.9388;0.0;0.0;0.0
6.06;592162.7656;0.0;597.1769;0.0;0.0;0.0
6.07;592347.5936;0.0;598.415;0.0;0.0;0.0
6.08;592532.4216;0.0;599.2404;0.0;0.0;0.0
6.09;592704.4018;0.0;600.0658;0.0;0.0;0.0
6.1;592876.382;0.0;601.7166;0.0;0.0;0.0
6.11;593042.5018;0.0;602.9547;0.0;0.0;0.0
6.12;593208.6216;0.0;604.1928;0.0;0.0;0.0
6.13;593365.9508;0.0;605.0182;0.0;0.0;0.0
6.14;593523.28;0.0;605.8436;0.0;0.0;0.0
6.15;593669.79;0.0;607.0817;0.0;0.0;0.0
6.16;593816.3;0.0;608.3198;0.0;0.0;0.0
6.17;593951.0892;0.0;609.1452;0.0;0.0;0.0
6.18;594085.8784;0.0;609.9706;0.0;0.0;0.0
6.19;594207.5944;0.0;610.796;0.0;0.0;0.0
6.2;594329.3104;0.0;611.6214;0.0;0.0;0.0
6.21;594447.42;0.0;612.8595;0.0;0.0;0.0
6.22;594565.5296;0.0;614.0976;0.0;0.0;0.0
6.23;594673.7216;0.0;614.923;0.0;0.0;0.0
6.24;594781.9136;0.0;615.7484;0.0;0.0;0.0
6.25;594878.8356;0.0;616.5738;0.0;0.0;0.0
6.26;594975.7576;0.0;617.3992;0.0;0.0;0.0
6.27;595061.635;0.0;619.8754;0.0;0.0;0.0
6.28;595147.5124;0.0;620.7008;0.0;0.0;0.0
6.29;595220.0912;0.0;621.5262;0.0;0.0;0.0
6.3;595292.67;0.0;622.3516;0.0;0.0;0.0
6.31;595362.544;0.0;623.177;0.0;0.0;0.0
6.32;595432.418;0.0;624.4151;0.0;0.0;0.0
6.33;595491.022;0.0;625.6532;0.0;0.0;0.0
6.34;595549.626;0.0;626.4786;0.0;0.0;0.0
6.35;595597.8616;0.0;627.304;0.0;0.0;0.0
6.36;595646.0972;0.0;628.1294;0.0;0.0;0.0
6.37;595682.3866;0.0;628.9548;0.0;0.0;0.0
6.38;595718.676;0.0;630.1929;0.0;0.0;0.0
6.39;595743.0192;0.0;631.431;0.0;0.0;0.0
6.4;595767.3624;0.0;632.2564;0.0;0.0;0.0
6.41;595788.3246;0.0;633.0818;0.0;0.0;0.0
6.42;595809.2868;0.0;634.7326;0.0;0.0;0.0
6.43;595819.4298;0.0;635.558;0.0;0.0;0.0
6.44;595829.5728;0.0;636.3834;0.0;0.0;0.0
6.45;595828.6712;0.0;637.6215;0.0;0.0;0.0
6.46;595827.7696;0.0;638.8596;0.0;0.0;0.0
6.47;595815.598;0.0;639.685;0.0;0.0;0.0
6.48;595803.4264;0.0;640.5104;0.0;0.0;0.0
6.49;595779.7594;0.0;641.3358;0.0;0.0;0.0
6.5;595756.0924;0.0;642.1612;0.0;0.0;0.0
6.51;595728.3682;0.0;642.9866;0.0;0.0;0.0
6.52;595700.644;0.0;643.812;0.0;0.0;0.0
6.53;595662.1006;0.0;644.6374;0.0;0.0;0.0
6.54;595623.5572;0.0;645.4628;0.0;0.0;0.0
6.55;595574.1946;0.0;646.7009;0.0;0.0;0.0
6.56;595524.832;0.0;647.939;0.0;0.0;0.0
6.57;595463.7486;0.0;649.5898;0.0;0.0;0.0
6.58;595402.6652;0.0;650.4152;0.0;0.0;0.0
6.59;595331.6642;0.0;651.2406;0.0;0.0;0.0
6.6;595260.6632;0.0;652.066;0.0;0.0;0.0
6.61;595184.9288;0.0;652.8914;0.0;0.0;0.0
6.62;595109.1944;0.0;653.7168;0.0;0.0;0.0
6.63;595022.6408;0.0;654.5422;0.0;0.0;0.0
6.64;594936.0872;0.0;655.3676;0.0;0.0;0.0
6.65;594838.7144;0.0;656.193;0.0;0.0;0.0
6.66;594741.3416;0.0;657.0184;0.0;0.0;0.0
6.67;594632.0226;0.0;657.8438;0.0;0.0;0.0
6.68;594522.7036;0.0;659.0819;0.0;0.0;0.0
6.69;594405.0448;0.0;660.32;0.0;0.0;0.0
6.7;594287.386;0.0;661.1454;0.0;0.0;0.0
6.71;594163.6414;0.0;661.9708;0.0;0.0;0.0
6.72;594039.8968;0.0;663.6216;0.0;0.0;0.0
6.73;593906.0092;0.0;664.447;0.0;0.0;0.0
6.74;593772.1216;0.0;665.2724;0.0;0.0;0.0
6.75;593627.1894;0.0;666.0978;0.0;0.0;0.0
6.76;593482.2572;0.0;666.9232;0.0;0.0;0.0
6.77;593325.1534;0.0;667.7486;0.0;0.0;0.0
6.78;593168.0496;0.0;668.574;0.0;0.0;0.0
6.79;593004.1838;0.0;669.3994;0.0;0.0;0.0
6.8;592840.318;0.0;670.2248;0.0;0.0;0.0
6.81;592669.4648;0.0;671.0502;0.0;0.0;0.0
6.82;592498.6116;0.0;671.8756;0.0;0.0;0.0
6.83;592317.39;0.0;672.701;0.0;0.0;0.0
6.84;592136.1684;0.0;673.5264;0.0;0.0;0.0
6.85;591943.9022;0.0;674.3518;0.0;0.0;0.0
6.86;591751.636;0.0;675.1772;0.0;0.0;0.0
6.87;591546.9728;0.0;676.828;0.0;0.0;0.0
6.88;591342.3096;0.0;677.6534;0.0;0.0;0.0
6.89;591132.913;0.0;678.4788;0.0;0.0;0.0
6.9;590923.5164;0.0;679.3042;0.0;0.0;0.0
6.91;590706.0054;0.0;680.1296;0.0;0.0;0.0
6.92;590488.4944;0.0;680.955;0.0;0.0;0.0
6.93;590260.615;0.0;681.7804;0.0;0.0;0.0
6.94;590032.7356;0.0;682.6058;0.0;0.0;0.0
6.95;589794.037;0.0;683.4312;0.0;0.0;0.0
6.96;589555.3384;0.0;684.2566;0.0;0.0;0.0
6.97;589303.1158;0.0;685.082;0.0;0.0;0.0
6.98;589050.8932;0.0;685.9074;0.0;0.0;0.0
6.99;588796.8674;0.0;686.7328;0.0;0.0;0.0
7.0;588542.8416;0.0;687.5582;0.0;0.0;0.0
7.01;588279.349;0.0;688.3836;0.0;0.0;0.0
7.02;588015.8564;0.0;689.209;0.0;0.0;0.0
7.03;587741.5446;0.0;690.0344;0.0;0.0;0.0
7.04;587467.2328;0.0;691.6852;0.0;0.0;0.0
7.05;587182.1018;0.0;692.5106;0.0;0.0;0.0
7.06;586896.9708;0.0;693.336;0.0;0.0;0.0
7.07;586599.2174;0.0;693.7487;0.0;0.0;0.0
7.08;586301.464;0.0;694.1614;0.0;0.0;0.0
7.09;586002.5836;0.0;694.9868;0.0;0.0;0.0
7.1;585703.7032;0.0;695.8122;0.0;0.0;0.0
7.11;585394.4544;0.0;696.6376;0.0;0.0;0.0
7.12;585085.2056;0.0;697.463;0.0;0.0;0.0
7.13;584766.0392;0.0;698.2884;0.0;0.0;0.0
7.14;584446.8728;0.0;699.1138;0.0;0.0;0.0
7.15;584116.6618;0.0;699.9392;0.0;0.0;0.0
7.16;583786.4508;0.0;700.7646;0.0;0.0;0.0
7.17;583444.519;0.0;701.59;0.0;0.0;0.0
7.18;583102.5872;0.0;702.4154;0.0;0.0;0.0
7.19;582758.8522;0.0;703.2408;0.0;0.0;0.0
7.2;582415.1172;0.0;704.0662;0.0;0.0;0.0
7.21;582061.2392;0.0;704.8916;0.0;0.0;0.0
7.22;581707.3612;0.0;705.717;0.0;0.0;0.0
7.23;581343.3402;0.0;706.5424;0.0;0.0;0.0
7.24;580979.3192;0.0;707.3678;0.0;0.0;0.0
7.25;580604.2536;0.0;708.1932;0.0;0.0;0.0
7.26;580229.188;0.0;709.0186;0.0;0.0;0.0
7.27;579844.2048;0.0;709.844;0.0;0.0;0.0
7.28;579459.2216;0.0;710.2567;0.0;0.0;0.0
7.29;579071.0828;0.0;710.6694;0.0;0.0;0.0
7.3;578682.944;0.0;711.4948;0.0;0.0;0.0
7.31;578285.113;0.0;712.3202;0.0;0.0;0.0
7.32;577887.282;0.0;713.1456;0.0;0.0;0.0
7.33;577479.308;0.0;713.971;0.0;0.0;0.0
7.34;577071.334;0.0;714.7964;0.0;0.0;0.0
7.35;576652.3154;0.0;715.6218;0.0;0.0;0.0
7.36;576233.2968;0.0;716.4472;0.0;0.0;0.0
7.37;575805.713;0.0;717.2726;0.0;0.0;0.0
7.38;575378.1292;0.0;718.098;0.0;0.0;0.0
7.39;574946.4882;0.0;718.9234;0.0;0.0;0.0
7.4;574514.8472;0.0;719.7488;0.0;0.0;0.0
7.41;574073.514;0.0;720.1615;0.0;0.0;0.0
7.42;573632.1808;0.0;720.5742;0.0;0.0;0.0
7.43;573180.93;0.0;721.3996;0.0;0.0;0.0
7.44;572729.6792;0.0;722.225;0.0;0.0;0.0
7.45;572267.1584;0.0;722.6377;0.0;0.0;0.0
7.46;571804.6376;0.0;723.0504;0.0;0.0;0.0
7.47;571335.3548;0.0;723.8758;0.0;0.0;0.0
7.48;570866.072;0.0;724.7012;0.0;0.0;0.0
7.49;570391.605;0.0;726.352;0.0;0.0;0.0
7.5;569917.138;0.0;726.7647;0.0;0.0;0.0
7.51;569433.2042;0.0;727.1774;0.0;0.0;0.0
7.52;568949.2704;0.0;728.0028;0.0;0.0;0.0
7.53;568455.419;0.0;728.8282;0.0;0.0;0.0
7.54;567961.5676;0.0;729.2409;0.0;0.0;0.0
7.55;567456.2208;0.0;729.6536;0.0;0.0;0.0
7.56;566950.874;0.0;730.479;0.0;0.0;0.0
7.57;566441.0192;0.0;731.3044;0.0;0.0;0.0
7.58;565931.1644;0.0;732.1298;0.0;0.0;0.0
7.59;565414.9984;0.0;732.9552;0.0;0.0;0.0
7.6;564898.8324;0.0;733.3679;0.0;0.0;0.0
7.61;564373.425;0.0;733.7806;0.0;0.0;0.0
7.62;563848.0176;0.0;734.606;0.0;0.0;0.0
7.63;563312.6926;0.0;735.4314;0.0;0.0;0.0
7.64;562777.3676;0.0;735.8441;0.0;0.0;0.0
7.65;562230.0964;0.0;736.2568;0.0;0.0;0.0
7.66;561682.8252;0.0;737.9076;0.0;0.0;0.0
7.67;561133.3;0.0;738.3203;0.0;0.0;0.0
7.68;560583.7748;0.0;738.733;0.0;0.0;0.0
7.69;560026.8114;0.0;739.5584;0.0;0.0;0.0
7.7;559469.848;0.0;740.3838;0.0;0.0;0.0
7.71;558903.6432;0.0;740.7965;0.0;0.0;0.0
7.72;558337.4384;0.0;741.2092;0.0;0.0;0.0
7.73;557761.0906;0.0;742.0346;0.0;0.0;0.0
7.74;557184.7428;0.0;742.86;0.0;0.0;0.0
7.75;556596.2234;0.0;743.2727;0.0;0.0;0.0
7.76;556007.704;0.0;743.6854;0.0;0.0;0.0
7.77;555420.0862;0.0;744.0981;0.0;0.0;0.0
7.78;554832.4684;0.0;744.5108;0.0;0.0;0.0
7.79;554235.6092;0.0;745.3362;0.0;0.0;0.0
7.8;553638.75;0.0;746.1616;0.0;0.0;0.0
7.81;553033.1002;0.0;746.987;0.0;0.0;0.0
7.82;552427.4504;0.0;747.8124;0.0;0.0;0.0
7.83;551811.883;0.0;748.6378;0.0;0.0;0.0
7.84;551196.3156;0.0;749.0505;0.0;0.0;0.0
7.85;550569.4782;0.0;749.4632;0.0;0.0;0.0
7.86;549942.6408;0.0;749.8759;0.0;0.0;0.0
7.87;549316.0288;0.0;750.2886;0.0;0.0;0.0
7.88;548689.4168;0.0;751.114;0.0;0.0;0.0
7.89;548053.7888;0.0;751.9394;0.0;0.0;0.0
7.9;547418.1608;0.0;752.3521;0.0;0.0;0.0
7.91;546773.7422;0.0;752.7648;0.0;0.0;0.0
7.92;546129.3236;0.0;753.1775;0.0;0.0;0.0
7.93;545475.2128;0.0;753.5902;0.0;0.0;0.0
7.94;544821.102;0.0;754.4156;0.0;0.0;0.0
7.95;544157.0736;0.0;755.241;0.0;0.0;0.0
7.96;543493.0452;0.0;756.0664;0.0;0.0;0.0
7.97;542828.3406;0.0;756.4791;0.0;0.0;0.0
7.98;542163.636;0.0;756.8918;0.0;0.0;0.0
7.99;541490.5916;0.0;757.3045;0.0;0.0;0.0
8.0;540817.5472;0.0;757.7172;0.0;0.0;0.0
8.01;540135.4868;0.0;758.5426;0.0;0.0;0.0
8.02;539453.4264;0.0;759.368;0.0;0.0;0.0
8.03;538761.4484;0.0;759.7807;0.0;0.0;0.0
8.04;538069.4704;0.0;760.1934;0.0;0.0;0.0
8.05;537369.6034;0.0;760.6061;0.0;0.0;0.0
8.06;536669.7364;0.0;761.0188;0.0;0.0;0.0
8.07;535968.2916;0.0;761.4315;0.0;0.0;0.0
8.08;535266.8468;0.0;761.8442;0.0;0.0;0.0
8.09;534557.0622;0.0;762.2569;0.0;0.0;0.0
8.1;533847.2776;0.0;762.6696;0.0;0.0;0.0
8.11;533128.7024;0.0;764.3204;0.0;0.0;0.0
8.12;532410.1272;0.0;764.7331;0.0;0.0;0.0
8.13;531681.6344;0.0;765.1458;0.0;0.0;0.0
8.14;530953.1416;0.0;765.5585;0.0;0.0;0.0
8.15;530218.563;0.0;765.9712;0.0;0.0;0.0
8.16;529483.9844;0.0;766.3839;0.0;0.0;0.0
8.17;528746.701;0.0;766.7966;0.0;0.0;0.0
8.18;528009.4176;0.0;767.2093;0.0;0.0;0.0
8.19;527263.7944;0.0;767.622;0.0;0.0;0.0
8.2;526518.1712;0.0;768.0347;0.0;0.0;0.0
8.21;525764.2082;0.0;768.4474;0.0;0.0;0.0
8.22;525010.2452;0.0;768.8601;0.0;0.0;0.0
8.23;524245.9138;0.0;769.2728;0.0;0.0;0.0
8.24;523481.5824;0.0;770.0982;0.0;0.0;0.0
8.25;522713.4192;0.0;770.9236;0.0;0.0;0.0
8.26;521945.256;0.0;771.749;0.0;0.0;0.0
8.27;521173.4864;0.0;772.1617;0.0;0.0;0.0
8.28;520401.7168;0.0;772.5744;0.0;0.0;0.0
8.29;519621.8328;0.0;772.9871;0.0;0.0;0.0
8.3;518841.9488;0.0;773.3998;0.0;0.0;0.0
8.31;518053.4996;0.0;773.8125;0.0;0.0;0.0
8.32;517265.0504;0.0;774.2252;0.0;0.0;0.0
8.33;516466.2328;0.0;774.6379;0.0;0.0;0.0
8.34;515667.4152;0.0;775.0506;0.0;0.0;0.0
8.35;514867.4706;0.0;775.4633;0.0;0.0;0.0
8.36;514067.526;0.0;775.876;0.0;0.0;0.0
8.37;513262.3972;0.0;776.2887;0.0;0.0;0.0
8.38;512457.2684;0.0;776.7014;0.0;0.0;0.0
8.39;511644.2506;0.0;777.1141;0.0;0.0;0.0
8.4;510831.2328;0.0;777.5268;0.0;0.0;0.0
8.41;510009.8752;0.0;777.9395;0.0;0.0;0.0
8.42;509188.5176;0.0;778.3522;0.0;0.0;0.0
8.43;508356.3408;0.0;779.1776;0.0;0.0;0.0
8.44;507524.164;0.0;779.5903;0.0;0.0;0.0
8.45;506693.7904;0.0;780.003;0.0;0.0;0.0
8.46;505863.4168;0.0;780.003;0.0;0.0;0.0
8.47;505026.2812;0.0;780.003;0.0;0.0;0.0
8.48;504189.1456;0.0;780.4157;0.0;0.0;0.0
8.49;503344.3464;0.0;780.8284;0.0;0.0;0.0
8.5;502499.5472;0.0;781.2411;0.0;0.0;0.0
8.51;501646.6336;0.0;781.6538;0.0;0.0;0.0
8.52;500793.72;0.0;782.0665;0.0;0.0;0.0
8.53;499930.2126;0.0;782.4792;0.0;0.0;0.0
8.54;499066.7052;0.0;782.8919;0.0;0.0;0.0
8.55;498206.128;0.0;783.3046;0.0;0.0;0.0
8.56;497345.5508;0.0;783.7173;0.0;0.0;0.0
8.57;496477.5354;0.0;784.13;0.0;0.0;0.0
8.58;495609.52;0.0;784.9554;0.0;0.0;0.0
8.59;494734.2918;0.0;784.9554;0.0;0.0;0.0
8.6;493859.0636;0.0;784.9554;0.0;0.0;0.0
8.61;492975.4956;0.0;785.3681;0.0;0.0;0.0
8.62;492091.9276;0.0;785.7808;0.0;0.0;0.0
8.63;491199.7944;0.0;786.1935;0.0;0.0;0.0
8.64;490307.6612;0.0;786.6062;0.0;0.0;0.0
8.65;489417.5566;0.0;787.0189;0.0;0.0;0.0
8.66;488527.452;0.0;787.4316;0.0;0.0;0.0
8.67;487630.1346;0.0;787.8443;0.0;0.0;0.0
8.68;486732.8172;0.0;788.257;0.0;0.0;0.0
8.69;485828.287;0.0;788.257;0.0;0.0;0.0
8.7;484923.7568;0.0;788.257;0.0;0.0;0.0
8.71;484010.8868;0.0;788.6697;0.0;0.0;0.0
8.72;483098.0168;0.0;789.0824;0.0;0.0;0.0
8.73;482178.3848;0.0;789.9078;0.0;0.0;0.0
8.74;481258.7528;0.0;789.9078;0.0;0.0;0.0
8.75;480340.2478;0.0;789.9078;0.0;0.0;0.0
8.76;479421.7428;0.0;790.3205;0.0;0.0;0.0
8.77;478496.7012;0.0;790.7332;0.0;0.0;0.0
8.78;477571.6596;0.0;791.1459;0.0;0.0;0.0
8.79;476639.1798;0.0;791.5586;0.0;0.0;0.0
8.8;475706.7;0.0;791.5586;0.0;0.0;0.0
8.81;474766.5566;0.0;791.5586;0.0;0.0;0.0
8.82;473826.4132;0.0;791.9713;0.0;0.0;0.0
8.83;472880.8602;0.0;792.384;0.0;0.0;0.0
8.84;471935.3072;0.0;792.7967;0.0;0.0;0.0
8.85;470989.9796;0.0;793.2094;0.0;0.0;0.0
8.86;470044.652;0.0;793.2094;0.0;0.0;0.0
8.87;469092.5624;0.0;793.2094;0.0;0.0;0.0
8.88;468140.4728;0.0;794.0348;0.0;0.0;0.0
8.89;467181.6212;0.0;794.4475;0.0;0.0;0.0
8.9;466222.7696;0.0;794.8602;0.0;0.0;0.0
8.91;465255.3528;0.0;794.8602;0.0;0.0;0.0
8.92;464287.936;0.0;794.8602;0.0;0.0;0.0
8.93;463318.2652;0.0;795.2729;0.0;0.0;0.0
8.94;462348.5944;0.0;795.6856;0.0;0.0;0.0
8.95;461377.3458;0.0;795.6856;0.0;0.0;0.0
8.96;460406.0972;0.0;795.6856;0.0;0.0;0.0
8.97;459428.7628;0.0;796.0983;0.0;0.0;0.0
8.98;458451.4284;0.0;796.511;0.0;0.0;0.0
8.99;457467.1066;0.0;796.511;0.0;0.0;0.0
9.0;456482.7848;0.0;796.511;0.0;0.0;0.0
9.01;455490.1232;0.0;796.9237;0.0;0.0;0.0
9.02;454497.4616;0.0;797.3364;0.0;0.0;0.0
9.03;453504.8;0.0;797.3364;0.0;0.0;0.0
9.04;452512.1384;0.0;797.3364;0.0;0.0;0.0
9.05;451517.2228;0.0;798.1618;0.0;0.0;0.0
9.06;450522.3072;0.0;798.1618;0.0;0.0;0.0
9.07;449521.3058;0.0;798.1618;0.0;0.0;0.0
9.08;448520.3044;0.0;798.5745;0.0;0.0;0.0
9.09;447512.7664;0.0;798.9872;0.0;0.0;0.0
9.1;446505.2284;0.0;798.9872;0.0;0.0;0.0
9.11;445488.2236;0.0;798.9872;0.0;0.0;0.0
9.12;444471.2188;0.0;798.9872;0.0;0.0;0.0
9.13;443458.0458;0.0;798.9872;0.0;0.0;0.0
9.14;442444.8728;0.0;799.3999;0.0;0.0;0.0
9.15;441427.4172;0.0;799.8126;0.0;0.0;0.0
9.16;440409.9616;0.0;799.8126;0.0;0.0;0.0
9.17;439386.6456;0.0;799.8126;0.0;0.0;0.0
9.18;438363.3296;0.0;800.2253;0.0;0.0;0.0
9.19;437333.477;0.0;800.638;0.0;0.0;0.0
9.2;436303.6244;0.0;800.638;0.0;0.0;0.0
9.21;435264.9812;0.0;800.638;0.0;0.0;0.0
9.22;434226.338;0.0;800.638;0.0;0.0;0.0
9.23;433193.1044;0.0;801.0507;0.0;0.0;0.0
9.24;432159.8708;0.0;801.4634;0.0;0.0;0.0
9.25;431121.2276;0.0;801.4634;0.0;0.0;0.0
9.26;430082.5844;0.0;801.4634;0.0;0.0;0.0
9.27;429038.3062;0.0;801.4634;0.0;0.0;0.0
9.28;427994.028;0.0;801.4634;0.0;0.0;0.0
9.29;426943.4386;0.0;801.4634;0.0;0.0;0.0
9.3;425892.8492;0.0;801.4634;0.0;0.0;0.0
9.31;424835.047;0.0;801.8761;0.0;0.0;0.0
9.32;423777.2448;0.0;802.2888;0.0;0.0;0.0
9.33;422724.176;0.0;802.2888;0.0;0.0;0.0
9.34;421671.1072;0.0;802.2888;0.0;0.0;0.0
9.35;420612.8542;0.0;802.2888;0.0;0.0;0.0
9.36;419554.6012;0.0;802.2888;0.0;0.0;0.0
9.37;418491.164;0.0;802.2888;0.0;0.0;0.0
9.38;417427.7268;0.0;802.7015;0.0;0.0;0.0
9.39;416357.753;0.0;803.1142;0.0;0.0;0.0
9.4;415287.7792;0.0;803.1142;0.0;0.0;0.0
9.41;414212.6212;0.0;803.1142;0.0;0.0;0.0
9.42;413137.4632;0.0;803.1142;0.0;0.0;0.0
9.43;412066.3624;0.0;803.1142;0.0;0.0;0.0
9.44;410995.2616;0.0;803.1142;0.0;0.0;0.0
9.45;409919.202;0.0;803.1142;0.0;0.0;0.0
9.46;408843.1424;0.0;803.1142;0.0;0.0;0.0
9.47;407761.8986;0.0;803.1142;0.0;0.0;0.0
9.48;406680.6548;0.0;803.1142;0.0;0.0;0.0
9.49;405593.3252;0.0;803.1142;0.0;0.0;0.0
9.5;404505.9956;0.0;803.1142;0.0;0.0;0.0
9.51;403415.285;0.0;803.5269;0.0;0.0;0.0
9.52;402324.5744;0.0;803.9396;0.0;0.0;0.0
9.53;401236.794;0.0;803.9396;0.0;0.0;0.0
9.54;400149.0136;0.0;803.9396;0.0;0.0;0.0
9.55;399056.9506;0.0;803.9396;0.0;0.0;0.0
9.56;397964.8876;0.0;803.9396;0.0;0.0;0.0
9.57;396867.6404;0.0;803.9396;0.0;0.0;0.0
9.58;395770.3932;0.0;803.9396;0.0;0.0;0.0
9.59;394666.6094;0.0;803.9396;0.0;0.0;0.0
9.6;393562.8256;0.0;803.9396;0.0;0.0;0.0
9.61;392458.591;0.0;803.9396;0.0;0.0;0.0
9.62;391354.3564;0.0;803.9396;0.0;0.0;0.0
9.63;390251.6996;0.0;803.9396;0.0;0.0;0.0
9.64;389149.0428;0.0;803.9396;0.0;0.0;0.0
9.65;388042.1034;0.0;803.9396;0.0;0.0;0.0
9.66;386935.164;0.0;803.9396;0.0;0.0;0.0
9.67;385823.4912;0.0;803.9396;0.0;0.0;0.0
9.68;384711.8184;0.0;803.9396;0.0;0.0;0.0
9.69;383593.3836;0.0;803.9396;0.0;0.0;0.0
9.7;382474.9488;0.0;803.9396;0.0;0.0;0.0
9.71;381358.768;0.0;803.9396;0.0;0.0;0.0
9.72;380242.5872;0.0;803.9396;0.0;0.0;0.0
9.73;379126.6318;0.0;803.9396;0.0;0.0;0.0
9.74;378010.6764;0.0;803.9396;0.0;0.0;0.0
9.75;376890.4384;0.0;803.9396;0.0;0.0;0.0
9.76;375770.2004;0.0;803.9396;0.0;0.0;0.0
9.77;374645.4544;0.0;803.9396;0.0;0.0;0.0
9.78;373520.7084;0.0;803.5269;0.0;0.0;0.0
9.79;372388.7496;0.0;803.1142;0.0;0.0;0.0
9.8;371256.7908;0.0;803.1142;0.0;0.0;0.0
9.81;370130.9178;0.0;803.1142;0.0;0.0;0.0
9.82;369005.0448;0.0;803.1142;0.0;0.0;0.0
9.83;367877.3686;0.0;803.1142;0.0;0.0;0.0
9.84;366749.6924;0.0;803.1142;0.0;0.0;0.0
9.85;365617.959;0.0;803.1142;0.0;0.0;0.0
9.86;364486.2256;0.0;803.1142;0.0;0.0;0.0
9.87;363350.435;0.0;803.1142;0.0;0.0;0.0
9.88;362214.6444;0.0;803.1142;0.0;0.0;0.0
9.89;361071.1902;0.0;802.7015;0.0;0.0;0.0
9.9;359927.736;0.0;802.2888;0.0;0.0;0.0
9.91;358793.2978;0.0;802.2888;0.0;0.0;0.0
9.92;357658.8596;0.0;802.2888;0.0;0.0;0.0
9.93;356521.0404;0.0;802.2888;0.0;0.0;0.0
9.94;355383.2212;0.0;802.2888;0.0;0.0;0.0
9.95;354241.7956;0.0;802.2888;0.0;0.0;0.0
9.96;353100.37;0.0;802.2888;0.0;0.0;0.0
9.97;351954.6618;0.0;802.2888;0.0;0.0;0.0
9.98;350808.9536;0.0;801.8761;0.0;0.0;0.0
9.99;349657.8358;0.0;801.4634;0.0;0.0;0.0
10.0;348506.718;0.0;801.4634;0.0;0.0;0.0
10.01;347363.7146;0.0;800.638;0.0;0.0;0.0
10.02;346220.7112;0.0;800.638;0.0;0.0;0.0
10.03;345074.5522;0.0;800.638;0.0;0.0;0.0
10.04;343928.3932;0.0;800.638;0.0;0.0;0.0
10.05;342779.0786;0.0;800.638;0.0;0.0;0.0
10.06;341629.764;0.0;800.638;0.0;0.0;0.0
10.07;340476.1668;0.0;800.638;0.0;0.0;0.0
10.08;339322.5696;0.0;800.638;0.0;0.0;0.0
10.09;338165.5914;0.0;800.638;0.0;0.0;0.0
10.1;337008.6132;0.0;800.638;0.0;0.0;0.0
10.11;335858.6224;0.0;799.73006;0.0;0.0;0.0
10.12;334708.6316;0.0;799.64752;0.0;0.0;0.0
10.13;333555.936;0.0;799.56498;0.0;0.0;0.0
10.14;332403.2404;0.0;799.48244;0.0;0.0;0.0
10.15;331247.6146;0.0;799.3999;0.0;0.0;0.0
10.16;330091.9888;0.0;799.31736;0.0;0.0;0.0
10.17;328931.855;0.0;799.23482;0.0;0.0;0.0
10.18;327771.7212;0.0;799.15228;0.0;0.0;0.0
10.19;326610.6858;0.0;799.06974;0.0;0.0;0.0
10.2;325449.6504;0.0;798.9872;0.0;0.0;0.0
10.21;324294.7008;0.0;797.3364;0.0;0.0;0.0
10.22;323139.7512;0.0;797.3364;0.0;0.0;0.0
10.23;321982.0968;0.0;797.3364;0.0;0.0;0.0
10.24;320824.4424;0.0;797.3364;0.0;0.0;0.0
10.25;319664.0832;0.0;797.3364;0.0;0.0;0.0
10.26;318503.724;0.0;797.3364;0.0;0.0;0.0
10.27;317338.6314;0.0;797.3364;0.0;0.0;0.0
10.28;316173.5388;0.0;797.3364;0.0;0.0;0.0
10.29;315010.7002;0.0;797.3364;0.0;0.0;0.0
10.3;313847.8616;0.0;797.3364;0.0;0.0;0.0
10.31;312689.3056;0.0;795.60306;0.0;0.0;0.0
10.32;311530.7496;0.0;795.52052;0.0;0.0;0.0
10.33;310370.165;0.0;795.43798;0.0;0.0;0.0
10.34;309209.5804;0.0;795.35544;0.0;0.0;0.0
10.35;308046.291;0.0;795.2729;0.0;0.0;0.0
10.36;306883.0016;0.0;795.19036;0.0;0.0;0.0
10.37;305714.528;0.0;795.10782;0.0;0.0;0.0
10.38;304546.0544;0.0;795.02528;0.0;0.0;0.0
10.39;303383.2158;0.0;794.94274;0.0;0.0;0.0
10.4;302220.3772;0.0;794.8602;0.0;0.0;0.0
10.41;301060.2434;0.0;792.384;0.0;0.0;0.0
10.42;299900.1096;0.0;792.384;0.0;0.0;0.0
10.43;298738.1726;0.0;792.384;0.0;0.0;0.0
10.44;297576.2356;0.0;792.384;0.0;0.0;0.0
10.45;296411.5938;0.0;792.384;0.0;0.0;0.0
10.46;295246.952;0.0;792.384;0.0;0.0;0.0
10.47;294076.4498;0.0;792.384;0.0;0.0;0.0
10.48;292905.9476;0.0;792.384;0.0;0.0;0.0
10.49;291745.8138;0.0;792.384;0.0;0.0;0.0
10.5;290585.68;0.0;792.384;0.0;0.0;0.0
10.51;289425.7716;0.0;789.82526;0.0;0.0;0.0
10.52;288265.8632;0.0;789.74272;0.0;0.0;0.0
10.53;287104.1516;0.0;789.66018;0.0;0.0;0.0
10.54;285942.44;0.0;789.57764;0.0;0.0;0.0
10.55;284778.249;0.0;789.4951;0.0;0.0;0.0
10.56;283614.058;0.0;789.41256;0.0;0.0;0.0
10.57;282444.4574;0.0;789.33002;0.0;0.0;0.0
10.58;281274.8568;0.0;789.24748;0.0;0.0;0.0
10.59;280117.8786;0.0;789.16494;0.0;0.0;0.0
10.6;278960.9004;0.0;789.0824;0.0;0.0;0.0
10.61;277802.7952;0.0;786.6062;0.0;0.0;0.0
10.62;276644.69;0.0;786.6062;0.0;0.0;0.0
10.63;275485.2324;0.0;786.6062;0.0;0.0;0.0
10.64;274325.7748;0.0;786.6062;0.0;0.0;0.0
10.65;273163.8378;0.0;786.6062;0.0;0.0;0.0
10.66;272001.9008;0.0;786.6062;0.0;0.0;0.0
10.67;270836.5828;0.0;786.6062;0.0;0.0;0.0
10.68;269671.2648;0.0;786.6062;0.0;0.0;0.0
10.69;268517.893;0.0;786.6062;0.0;0.0;0.0
10.7;267364.5212;0.0;786.6062;0.0;0.0;0.0
10.71;266210.2478;0.0;783.22206;0.0;0.0;0.0
10.72;265055.9744;0.0;783.13952;0.0;0.0;0.0
10.73;263900.3486;0.0;783.05698;0.0;0.0;0.0
10.74;262744.7228;0.0;782.97444;0.0;0.0;0.0
10.75;261586.843;0.0;782.8919;0.0;0.0;0.0
10.76;260428.9632;0.0;782.80936;0.0;0.0;0.0
10.77;259270.4072;0.0;782.72682;0.0;0.0;0.0
10.78;258111.8512;0.0;782.64428;0.0;0.0;0.0
10.79;256963.4382;0.0;782.56174;0.0;0.0;0.0
10.8;255815.0252;0.0;782.4792;0.0;0.0;0.0
10.81;254666.3868;0.0;779.09506;0.0;0.0;0.0
10.82;253517.7484;0.0;779.01252;0.0;0.0;0.0
10.83;252367.7576;0.0;778.92998;0.0;0.0;0.0
10.84;251217.7668;0.0;778.84744;0.0;0.0;0.0
10.85;250065.522;0.0;778.7649;0.0;0.0;0.0
10.86;248913.2772;0.0;778.68236;0.0;0.0;0.0
10.87;247763.061;0.0;778.59982;0.0;0.0;0.0
10.88;246612.8448;0.0;778.51728;0.0;0.0;0.0
10.89;245471.4192;0.0;778.43474;0.0;0.0;0.0
10.9;244329.9936;0.0;778.3522;0.0;0.0;0.0
10.91;243188.568;0.0;774.96806;0.0;0.0;0.0
10.92;242047.1424;0.0;774.88552;0.0;0.0;0.0
10.93;240904.5898;0.0;774.80298;0.0;0.0;0.0
10.94;239762.0372;0.0;774.72044;0.0;0.0;0.0
10.95;238616.7798;0.0;774.6379;0.0;0.0;0.0
10.96;237471.5224;0.0;774.55536;0.0;0.0;0.0
10.97;236331.9;0.0;774.47282;0.0;0.0;0.0
10.98;235192.2776;0.0;774.39028;0.0;0.0;0.0
10.99;234059.868;0.0;774.30774;0.0;0.0;0.0
11.0;232927.4584;0.0;774.2252;0.0;0.0;0.0
11.01;231794.598;0.0;770.01566;0.0;0.0;0.0
11.02;230661.7376;0.0;769.93312;0.0;0.0;0.0
11.03;229528.6518;0.0;769.85058;0.0;0.0;0.0
11.04;228395.566;0.0;769.76804;0.0;0.0;0.0
11.05;227258.423;0.0;769.6855;0.0;0.0;0.0
11.06;226121.28;0.0;769.60296;0.0;0.0;0.0
11.07;224994.5054;0.0;769.52042;0.0;0.0;0.0
11.08;223867.7308;0.0;769.43788;0.0;0.0;0.0
11.09;222745.915;0.0;769.35534;0.0;0.0;0.0
11.1;221624.0992;0.0;769.2728;0.0;0.0;0.0
11.11;220502.2834;0.0;765.06326;0.0;0.0;0.0
11.12;219380.4676;0.0;764.98072;0.0;0.0;0.0
11.13;218258.201;0.0;764.89818;0.0;0.0;0.0
11.14;217135.9344;0.0;764.81564;0.0;0.0;0.0
11.15;216008.4836;0.0;764.7331;0.0;0.0;0.0
11.16;214881.0328;0.0;764.65056;0.0;0.0;0.0
11.17;213770.0362;0.0;764.56802;0.0;0.0;0.0
11.18;212659.0396;0.0;764.48548;0.0;0.0;0.0
11.19;211549.3954;0.0;764.40294;0.0;0.0;0.0
11.2;210439.7512;0.0;764.3204;0.0;0.0;0.0
11.21;209330.5578;0.0;760.11086;0.0;0.0;0.0
11.22;208221.3644;0.0;760.02832;0.0;0.0;0.0
11.23;207111.7202;0.0;759.94578;0.0;0.0;0.0
11.24;206002.076;0.0;759.86324;0.0;0.0;0.0
11.25;204888.8254;0.0;759.7807;0.0;0.0;0.0
11.26;203775.5748;0.0;759.69816;0.0;0.0;0.0
11.27;202679.0038;0.0;759.61562;0.0;0.0;0.0
11.28;201582.4328;0.0;759.53308;0.0;0.0;0.0
11.29;200486.9888;0.0;759.45054;0.0;0.0;0.0
11.3;199391.5448;0.0;759.368;0.0;0.0;0.0
11.31;198296.5516;0.0;754.33306;0.0;0.0;0.0
11.32;197201.5584;0.0;754.25052;0.0;0.0;0.0
11.33;196106.1144;0.0;754.16798;0.0;0.0;0.0
11.34;195010.6704;0.0;754.08544;0.0;0.0;0.0
11.35;193914.3248;0.0;754.0029;0.0;0.0;0.0
11.36;192817.9792;0.0;753.92036;0.0;0.0;0.0
11.37;191736.9608;0.0;753.83782;0.0;0.0;0.0
11.38;190655.9424;0.0;753.75528;0.0;0.0;0.0
11.39;189576.051;0.0;753.67274;0.0;0.0;0.0
11.4;188496.1596;0.0;753.5902;0.0;0.0;0.0
11.41;187417.1698;0.0;748.55526;0.0;0.0;0.0
11.42;186338.18;0.0;748.47272;0.0;0.0;0.0
11.43;185258.2886;0.0;748.39018;0.0;0.0;0.0
11.44;184178.3972;0.0;748.30764;0.0;0.0;0.0
11.45;183100.7598;0.0;748.2251;0.0;0.0;0.0
11.46;182023.1224;0.0;748.14256;0.0;0.0;0.0
11.47;180959.2344;0.0;748.06002;0.0;0.0;0.0
11.48;179895.3464;0.0;747.97748;0.0;0.0;0.0
11.49;178833.2616;0.0;747.89494;0.0;0.0;0.0
11.5;177771.1768;0.0;747.8124;0.0;0.0;0.0
11.51;176709.7682;0.0;742.77746;0.0;0.0;0.0
11.52;175648.3596;0.0;742.69492;0.0;0.0;0.0
11.53;174585.824;0.0;742.61238;0.0;0.0;0.0
11.54;173523.2884;0.0;742.52984;0.0;0.0;0.0
11.55;172466.6132;0.0;742.4473;0.0;0.0;0.0
11.56;171409.938;0.0;742.36476;0.0;0.0;0.0
11.57;170365.209;0.0;742.28222;0.0;0.0;0.0
11.58;169320.48;0.0;742.19968;0.0;0.0;0.0
11.59;168277.3288;0.0;742.11714;0.0;0.0;0.0
11.6;167234.1776;0.0;742.0346;0.0;0.0;0.0
11.61;166192.1534;0.0;735.34886;0.0;0.0;0.0
11.62;165150.1292;0.0;735.26632;0.0;0.0;0.0
11.63;164106.3018;0.0;735.18378;0.0;0.0;0.0
11.64;163062.4744;0.0;735.10124;0.0;0.0;0.0
11.65;162029.0154;0.0;735.0187;0.0;0.0;0.0
11.66;160995.5564;0.0;734.93616;0.0;0.0;0.0
11.67;159971.5642;0.0;734.85362;0.0;0.0;0.0
11.68;158947.572;0.0;734.77108;0.0;0.0;0.0
11.69;157925.383;0.0;734.68854;0.0;0.0;0.0
11.7;156903.194;0.0;734.606;0.0;0.0;0.0
11.71;155881.9066;0.0;729.48852;0.0;0.0;0.0
11.72;154860.6192;0.0;729.32344;0.0;0.0;0.0
11.73;153836.4016;0.0;729.15836;0.0;0.0;0.0
11.74;152812.184;0.0;728.99328;0.0;0.0;0.0
11.75;151804.4206;0.0;728.8282;0.0;0.0;0.0
11.76;150796.6572;0.0;728.66312;0.0;0.0;0.0
11.77;149794.9796;0.0;728.49804;0.0;0.0;0.0
11.78;148793.302;0.0;728.33296;0.0;0.0;0.0
11.79;147793.653;0.0;728.16788;0.0;0.0;0.0
11.8;146794.004;0.0;728.0028;0.0;0.0;0.0
11.81;145795.2566;0.0;722.88532;0.0;0.0;0.0
11.82;144796.5092;0.0;722.72024;0.0;0.0;0.0
11.83;143793.93;0.0;722.55516;0.0;0.0;0.0
11.84;142791.3508;0.0;722.39008;0.0;0.0;0.0
11.85;141810.8608;0.0;722.225;0.0;0.0;0.0
11.86;140830.3708;0.0;722.05992;0.0;0.0;0.0
11.87;139852.5856;0.0;721.89484;0.0;0.0;0.0
11.88;138874.8004;0.0;721.72976;0.0;0.0;0.0
11.89;137899.0438;0.0;721.56468;0.0;0.0;0.0
11.9;136923.2872;0.0;721.3996;0.0;0.0;0.0
11.91;135948.4322;0.0;714.63132;0.0;0.0;0.0
11.92;134973.5772;0.0;714.46624;0.0;0.0;0.0
11.93;133997.5952;0.0;714.30116;0.0;0.0;0.0
11.94;133021.6132;0.0;714.13608;0.0;0.0;0.0
11.95;132066.5934;0.0;713.971;0.0;0.0;0.0
11.96;131111.5736;0.0;713.80592;0.0;0.0;0.0
11.97;130159.2586;0.0;713.64084;0.0;0.0;0.0
11.98;129206.9436;0.0;713.47576;0.0;0.0;0.0
11.99;128257.108;0.0;713.31068;0.0;0.0;0.0
12.0;127307.2724;0.0;713.1456;0.0;0.0;0.0
12.01;126357.8876;0.0;707.20272;0.0;0.0;0.0
12.02;125408.5028;0.0;707.03764;0.0;0.0;0.0
12.03;124461.1466;0.0;706.87256;0.0;0.0;0.0
12.04;123513.7904;0.0;706.70748;0.0;0.0;0.0
12.05;122585.8186;0.0;706.5424;0.0;0.0;0.0
12.06;121657.8468;0.0;706.37732;0.0;0.0;0.0
12.07;120732.8052;0.0;706.21224;0.0;0.0;0.0
12.08;119807.7636;0.0;706.04716;0.0;0.0;0.0
12.09;118884.976;0.0;705.88208;0.0;0.0;0.0
12.1;117962.1884;0.0;705.717;0.0;0.0;0.0
12.11;117039.6262;0.0;699.77412;0.0;0.0;0.0
12.12;116117.064;0.0;699.60904;0.0;0.0;0.0
12.13;115200.3622;0.0;699.44396;0.0;0.0;0.0
12.14;114283.6604;0.0;699.27888;0.0;0.0;0.0
12.15;113384.3144;0.0;699.1138;0.0;0.0;0.0
12.16;112484.9684;0.0;698.94872;0.0;0.0;0.0
12.17;111588.5526;0.0;698.78364;0.0;0.0;0.0
12.18;110692.1368;0.0;698.61856;0.0;0.0;0.0
12.19;109798.2004;0.0;698.45348;0.0;0.0;0.0
12.2;108904.264;0.0;698.2884;0.0;0.0;0.0
12.21;108009.2006;0.0;690.69472;0.0;0.0;0.0
12.22;107114.1372;0.0;690.52964;0.0;0.0;0.0
12.23;106230.3438;0.0;690.36456;0.0;0.0;0.0
12.24;105346.5504;0.0;690.19948;0.0;0.0;0.0
12.25;104477.1826;0.0;690.0344;0.0;0.0;0.0
12.26;103607.8148;0.0;689.86932;0.0;0.0;0.0
12.27;102741.6026;0.0;689.70424;0.0;0.0;0.0
12.28;101875.3904;0.0;689.53916;0.0;0.0;0.0
12.29;101011.4322;0.0;689.37408;0.0;0.0;0.0
12.3;100147.474;0.0;689.209;0.0;0.0;0.0
12.31;99281.2618;0.0;682.44072;0.0;0.0;0.0
12.32;98415.0496;0.0;682.27564;0.0;0.0;0.0
12.33;97566.4186;0.0;682.11056;0.0;0.0;0.0
12.34;96717.7876;0.0;681.94548;0.0;0.0;0.0
12.35;95879.9758;0.0;681.7804;0.0;0.0;0.0
12.36;95042.164;0.0;681.61532;0.0;0.0;0.0
12.37;94207.5078;0.0;681.45024;0.0;0.0;0.0
12.38;93372.8516;0.0;681.28516;0.0;0.0;0.0
12.39;92539.9986;0.0;681.12008;0.0;0.0;0.0
12.4;91707.1456;0.0;680.955;0.0;0.0;0.0
12.41;90869.3338;0.0;674.18672;0.0;0.0;0.0
12.42;90031.522;0.0;674.02164;0.0;0.0;0.0
12.43;89221.209;0.0;673.85656;0.0;0.0;0.0
12.44;88410.896;0.0;673.69148;0.0;0.0;0.0
12.45;87605.7672;0.0;673.5264;0.0;0.0;0.0
12.46;86800.6384;0.0;673.36132;0.0;0.0;0.0
12.47;85998.6652;0.0;673.19624;0.0;0.0;0.0
12.48;85196.692;0.0;673.03116;0.0;0.0;0.0
12.49;84396.2966;0.0;672.86608;0.0;0.0;0.0
12.5;83595.9012;0.0;672.701;0.0;0.0;0.0
12.51;82792.1248;0.0;664.28192;0.0;0.0;0.0
12.52;81988.3484;0.0;664.11684;0.0;0.0;0.0
12.53;81213.874;0.0;663.95176;0.0;0.0;0.0
12.54;80439.3996;0.0;663.78668;0.0;0.0;0.0
12.55;79668.5316;0.0;663.6216;0.0;0.0;0.0
12.56;78897.6636;0.0;663.45652;0.0;0.0;0.0
12.57;78129.9512;0.0;663.29144;0.0;0.0;0.0
12.58;77362.2388;0.0;663.12636;0.0;0.0;0.0
12.59;76595.428;0.0;662.96128;0.0;0.0;0.0
12.6;75828.6172;0.0;662.7962;0.0;0.0;0.0
12.61;75062.4826;0.0;655.20252;0.0;0.0;0.0
12.62;74296.348;0.0;655.03744;0.0;0.0;0.0
12.63;73557.036;0.0;654.87236;0.0;0.0;0.0
12.64;72817.724;0.0;654.70728;0.0;0.0;0.0
12.65;72082.2438;0.0;654.5422;0.0;0.0;0.0
12.66;71346.7636;0.0;654.37712;0.0;0.0;0.0
12.67;70614.2136;0.0;654.21204;0.0;0.0;0.0
12.68;69881.6636;0.0;654.04696;0.0;0.0;0.0
12.69;69149.1136;0.0;653.88188;0.0;0.0;0.0
12.7;68416.5636;0.0;653.7168;0.0;0.0;0.0
12.71;67689.6486;0.0;646.12312;0.0;0.0;0.0
12.72;66962.7336;0.0;645.95804;0.0;0.0;0.0
12.73;66260.1618;0.0;645.79296;0.0;0.0;0.0
12.74;65557.59;0.0;645.62788;0.0;0.0;0.0
12.75;64858.6246;0.0;645.4628;0.0;0.0;0.0
12.76;64159.6592;0.0;645.29772;0.0;0.0;0.0
12.77;63463.1732;0.0;645.13264;0.0;0.0;0.0
12.78;62766.6872;0.0;644.96756;0.0;0.0;0.0
12.79;62069.0742;0.0;644.80248;0.0;0.0;0.0
12.8;61371.4612;0.0;644.6374;0.0;0.0;0.0
12.81;60685.569;0.0;635.39292;0.0;0.0;0.0
12.82;59999.6768;0.0;635.22784;0.0;0.0;0.0
12.83;59334.7468;0.0;635.06276;0.0;0.0;0.0
12.84;58669.8168;0.0;634.89768;0.0;0.0;0.0
12.85;58008.2678;0.0;634.7326;0.0;0.0;0.0
12.86;57346.7188;0.0;634.56752;0.0;0.0;0.0
12.87;56687.4238;0.0;634.40244;0.0;0.0;0.0
12.88;56028.1288;0.0;634.23736;0.0;0.0;0.0
12.89;55365.2274;0.0;634.07228;0.0;0.0;0.0
12.9;54702.326;0.0;633.9072;0.0;0.0;0.0
12.91;54059.936;0.0;626.23098;0.0;0.0;0.0
12.92;53417.546;0.0;625.98336;0.0;0.0;0.0
12.93;52791.1594;0.0;625.73574;0.0;0.0;0.0
12.94;52164.7728;0.0;625.48812;0.0;0.0;0.0
12.95;51541.7672;0.0;625.2405;0.0;0.0;0.0
12.96;50918.7616;0.0;624.99288;0.0;0.0;0.0
12.97;50297.3338;0.0;624.74526;0.0;0.0;0.0
12.98;49675.906;0.0;624.49764;0.0;0.0;0.0
12.99;49047.2654;0.0;624.25002;0.0;0.0;0.0
13.0;48418.6248;0.0;624.0024;0.0;0.0;0.0
13.01;47822.6672;0.0;616.40872;0.0;0.0;0.0
13.02;47226.7096;0.0;616.24364;0.0;0.0;0.0
13.03;46639.768;0.0;616.07856;0.0;0.0;0.0
13.04;46052.8264;0.0;615.91348;0.0;0.0;0.0
13.05;45468.815;0.0;615.7484;0.0;0.0;0.0
13.06;44884.8036;0.0;615.58332;0.0;0.0;0.0
13.07;44301.243;0.0;615.41824;0.0;0.0;0.0
13.08;43717.6824;0.0;615.25316;0.0;0.0;0.0
13.09;43126.2328;0.0;615.08808;0.0;0.0;0.0
13.1;42534.7832;0.0;614.923;0.0;0.0;0.0
13.11;41984.5818;0.0;604.77058;0.0;0.0;0.0
13.12;41434.3804;0.0;604.52296;0.0;0.0;0.0
13.13;40887.56;0.0;604.27534;0.0;0.0;0.0
13.14;40340.7396;0.0;604.02772;0.0;0.0;0.0
13.15;39796.624;0.0;603.7801;0.0;0.0;0.0
13.16;39252.5084;0.0;603.53248;0.0;0.0;0.0
13.17;38707.942;0.0;603.28486;0.0;0.0;0.0
13.18;38163.3756;0.0;603.03724;0.0;0.0;0.0
13.19;37615.879;0.0;602.78962;0.0;0.0;0.0
13.2;37068.3824;0.0;602.542;0.0;0.0;0.0
13.21;36559.4292;0.0;594.86578;0.0;0.0;0.0
13.22;36050.476;0.0;594.61816;0.0;0.0;0.0
13.23;35544.6784;0.0;594.37054;0.0;0.0;0.0
13.24;35038.8808;0.0;594.12292;0.0;0.0;0.0
13.25;34534.8864;0.0;593.8753;0.0;0.0;0.0
13.26;34030.892;0.0;593.62768;0.0;0.0;0.0
13.27;33525.0944;0.0;593.38006;0.0;0.0;0.0
13.28;33019.2968;0.0;593.13244;0.0;0.0;0.0
13.29;32516.8802;0.0;592.88482;0.0;0.0;0.0
13.3;32014.4636;0.0;592.6372;0.0;0.0;0.0
13.31;31547.2094;0.0;584.21812;0.0;0.0;0.0
13.32;31079.9552;0.0;584.05304;0.0;0.0;0.0
13.33;30615.4058;0.0;583.88796;0.0;0.0;0.0
13.34;30150.8564;0.0;583.72288;0.0;0.0;0.0
13.35;29687.434;0.0;583.5578;0.0;0.0;0.0
13.36;29224.0116;0.0;583.39272;0.0;0.0;0.0
13.37;28756.532;0.0;583.22764;0.0;0.0;0.0
13.38;28289.0524;0.0;583.06256;0.0;0.0;0.0
13.39;27833.7444;0.0;582.89748;0.0;0.0;0.0
13.4;27378.4364;0.0;582.7324;0.0;0.0;0.0
13.41;26953.1066;0.0;571.83712;0.0;0.0;0.0
13.42;26527.7768;0.0;571.67204;0.0;0.0;0.0
13.43;26104.4756;0.0;571.50696;0.0;0.0;0.0
13.44;25681.1744;0.0;571.34188;0.0;0.0;0.0
13.45;25258.0986;0.0;571.1768;0.0;0.0;0.0
13.46;24835.0228;0.0;571.01172;0.0;0.0;0.0
13.47;24404.5088;0.0;570.84664;0.0;0.0;0.0
13.48;23973.9948;0.0;570.68156;0.0;0.0;0.0
13.49;23567.824;0.0;570.51648;0.0;0.0;0.0
13.5;23161.6532;0.0;570.3514;0.0;0.0;0.0
13.51;22778.2478;0.0;561.10692;0.0;0.0;0.0
13.52;22394.8424;0.0;560.94184;0.0;0.0;0.0
13.53;22013.2402;0.0;560.77676;0.0;0.0;0.0
13.54;21631.638;0.0;560.61168;0.0;0.0;0.0
13.55;21248.9088;0.0;560.4466;0.0;0.0;0.0
13.56;20866.1796;0.0;560.28152;0.0;0.0;0.0
13.57;20470.828;0.0;560.11644;0.0;0.0;0.0
13.58;20075.4764;0.0;559.95136;0.0;0.0;0.0
13.59;19721.373;0.0;559.78628;0.0;0.0;0.0
13.6;19367.2696;0.0;559.6212;0.0;0.0;0.0
13.61;19025.7886;0.0;550.37672;0.0;0.0;0.0
13.62;18684.3076;0.0;550.21164;0.0;0.0;0.0
13.63;18343.7282;0.0;550.04656;0.0;0.0;0.0
13.64;18003.1488;0.0;549.88148;0.0;0.0;0.0
13.65;17660.3154;0.0;549.7164;0.0;0.0;0.0
13.66;17317.482;0.0;549.55132;0.0;0.0;0.0
13.67;16957.969;0.0;549.38624;0.0;0.0;0.0
13.68;16598.456;0.0;549.22116;0.0;0.0;0.0
13.69;16296.1946;0.0;549.05608;0.0;0.0;0.0
13.7;15993.9332;0.0;548.891;0.0;0.0;0.0
13.71;15693.475;0.0;539.64652;0.0;0.0;0.0
13.72;15393.0168;0.0;539.48144;0.0;0.0;0.0
13.73;15092.784;0.0;539.31636;0.0;0.0;0.0
13.74;14792.5512;0.0;539.15128;0.0;0.0;0.0
13.75;14488.712;0.0;538.9862;0.0;0.0;0.0
13.76;14184.8728;0.0;538.82112;0.0;0.0;0.0
13.77;13871.7922;0.0;538.65604;0.0;0.0;0.0
13.78;13558.7116;0.0;538.49096;0.0;0.0;0.0
13.79;13297.0222;0.0;538.32588;0.0;0.0;0.0
13.8;13035.3328;0.0;538.1608;0.0;0.0;0.0
13.81;12774.7704;0.0;526.44012;0.0;0.0;0.0
13.82;12514.208;0.0;526.27504;0.0;0.0;0.0
13.83;12253.1948;0.0;526.10996;0.0;0.0;0.0
13.84;11992.1816;0.0;525.94488;0.0;0.0;0.0
13.85;11725.5334;0.0;525.7798;0.0;0.0;0.0
13.86;11458.8852;0.0;525.61472;0.0;0.0;0.0
13.87;11192.4624;0.0;525.44964;0.0;0.0;0.0
13.88;10926.0396;0.0;525.28456;0.0;0.0;0.0
13.89;10702.8936;0.0;525.11948;0.0;0.0;0.0
13.9;10479.7476;0.0;524.9544;0.0;0.0;0.0
13.91;10257.2778;0.0;515.62738;0.0;0.0;0.0
13.92;10034.808;0.0;515.37976;0.0;0.0;0.0
13.93;9811.21120001;0.0;515.13214;0.0;0.0;0.0
13.94;9587.61440001;0.0;514.88452;0.0;0.0;0.0
13.95;9356.35400001;0.0;514.6369;0.0;0.0;0.0
13.96;9125.09360001;0.0;514.38928;0.0;0.0;0.0
13.97;8904.20160001;0.0;514.14166;0.0;0.0;0.0
13.98;8683.30960001;0.0;513.89404;0.0;0.0;0.0
13.99;8496.453;0.0;513.64642;0.0;0.0;0.0
14.0;8309.5964;0.0;513.3988;0.0;0.0;0.0
14.01;8122.7398;0.0;504.07178;0.0;0.0;0.0
14.02;7935.8832;0.0;503.82416;0.0;0.0;0.0
14.03;7746.998;0.0;503.57654;0.0;0.0;0.0
14.04;7558.1128;0.0;503.32892;0.0;0.0;0.0
14.05;7359.76080001;0.0;503.0813;0.0;0.0;0.0
14.06;7161.40880001;0.0;502.83368;0.0;0.0;0.0
14.07;6984.4698;0.0;502.58606;0.0;0.0;0.0
14.08;6807.5308;0.0;502.33844;0.0;0.0;0.0
14.09;6653.5826;0.0;502.09082;0.0;0.0;0.0
14.1;6499.6344;0.0;501.8432;0.0;0.0;0.0
14.11;6345.2354;0.0;490.86538;0.0;0.0;0.0
14.12;6190.8364;0.0;490.61776;0.0;0.0;0.0
14.13;6034.1834;0.0;490.37014;0.0;0.0;0.0
14.14;5877.5304;0.0;490.12252;0.0;0.0;0.0
14.15;5708.0296;0.0;489.8749;0.0;0.0;0.0
14.16;5538.5288;0.0;489.62728;0.0;0.0;0.0
14.17;5403.0634;0.0;489.37966;0.0;0.0;0.0
14.18;5267.598;0.0;489.13204;0.0;0.0;0.0
14.19;5142.7264;0.0;488.88442;0.0;0.0;0.0
14.2;5017.8548;0.0;488.6368;0.0;0.0;0.0
14.21;4892.5324;0.0;479.30978;0.0;0.0;0.0
14.22;4767.21;0.0;479.06216;0.0;0.0;0.0
14.23;4638.9574;0.0;478.81454;0.0;0.0;0.0
14.24;4510.7048;0.0;478.56692;0.0;0.0;0.0
14.25;4367.8012;0.0;478.3193;0.0;0.0;0.0
14.26;4224.8976;0.0;478.07168;0.0;0.0;0.0
14.27;4125.2708;0.0;477.82406;0.0;0.0;0.0
14.28;4025.644;0.0;477.57644;0.0;0.0;0.0
14.29;3926.0172;0.0;477.32882;0.0;0.0;0.0
14.3;3826.3904;0.0;477.0812;0.0;0.0;0.0
14.31;3726.3128;0.0;467.75418;0.0;0.0;0.0
14.32;3626.2352;0.0;467.50656;0.0;0.0;0.0
14.33;3522.7766;0.0;467.25894;0.0;0.0;0.0
14.34;3419.318;0.0;467.01132;0.0;0.0;0.0
14.35;3308.6466;0.0;466.7637;0.0;0.0;0.0
14.36;3197.9752;0.0;466.51608;0.0;0.0;0.0
14.37;3119.9868;0.0;466.26846;0.0;0.0;0.0
14.38;3041.9984;0.0;466.02084;0.0;0.0;0.0
14.39;2963.7846;0.0;465.77322;0.0;0.0;0.0
14.4;2885.5708;0.0;465.5256;0.0;0.0;0.0
14.41;2806.6808;0.0;452.97952;0.0;0.0;0.0
14.42;2727.7908;0.0;452.81444;0.0;0.0;0.0
14.43;2645.5198;0.0;452.64936;0.0;0.0;0.0
14.44;2563.2488;0.0;452.48428;0.0;0.0;0.0
14.45;2480.0762;0.0;452.3192;0.0;0.0;0.0
14.46;2396.9036;0.0;452.15412;0.0;0.0;0.0
14.47;2336.4964;0.0;451.98904;0.0;0.0;0.0
14.48;2276.0892;0.0;451.82396;0.0;0.0;0.0
14.49;2215.4566;0.0;451.65888;0.0;0.0;0.0
14.5;2154.824;0.0;451.4938;0.0;0.0;0.0
14.51;2093.2898;0.0;441.34138;0.0;0.0;0.0
14.52;2031.7556;0.0;441.09376;0.0;0.0;0.0
14.53;1966.615;0.0;440.84614;0.0;0.0;0.0
14.54;1901.4744;0.0;440.59852;0.0;0.0;0.0
14.55;1840.6164;0.0;440.3509;0.0;0.0;0.0
14.56;1779.7584;0.0;440.10328;0.0;0.0;0.0
14.57;1733.5514;0.0;439.85566;0.0;0.0;0.0
14.58;1687.3444;0.0;439.60804;0.0;0.0;0.0
14.59;1640.6866;0.0;439.36042;0.0;0.0;0.0
14.6;1594.0288;0.0;439.1128;0.0;0.0;0.0
14.61;1546.6948;0.0;429.78578;0.0;0.0;0.0
14.62;1499.3608;0.0;429.53816;0.0;0.0;0.0
14.63;1448.195;0.0;429.29054;0.0;0.0;0.0
14.64;1397.0292;0.0;429.04292;0.0;0.0;0.0
14.65;1353.7524;0.0;428.7953;0.0;0.0;0.0
14.66;1310.4756;0.0;428.54768;0.0;0.0;0.0
14.67;1275.3132;0.0;428.30006;0.0;0.0;0.0
14.68;1240.1508;0.0;428.05244;0.0;0.0;0.0
14.69;1204.763;0.0;427.80482;0.0;0.0;0.0
14.7;1169.3752;0.0;427.5572;0.0;0.0;0.0
14.71;1133.0858;0.0;415.01112;0.0;0.0;0.0
14.72;1096.7964;0.0;414.84604;0.0;0.0;0.0
14.73;1056.2244;0.0;414.68096;0.0;0.0;0.0
14.74;1015.6524;0.0;414.51588;0.0;0.0;0.0
14.75;985.899600001;0.0;414.3508;0.0;0.0;0.0
14.76;956.146800001;0.0;414.18572;0.0;0.0;0.0
14.77;929.549600001;0.0;414.02064;0.0;0.0;0.0
14.78;902.952400001;0.0;413.85556;0.0;0.0;0.0
14.79;876.129800001;0.0;413.69048;0.0;0.0;0.0
14.8;849.307200001;0.0;413.5254;0.0;0.0;0.0
14.81;821.583000001;0.0;403.37298;0.0;0.0;0.0
14.82;793.858800001;0.0;403.12536;0.0;0.0;0.0
14.83;762.077400001;0.0;402.87774;0.0;0.0;0.0
14.84;730.296000001;0.0;402.63012;0.0;0.0;0.0
14.85;710.460800001;0.0;402.3825;0.0;0.0;0.0
14.86;690.625600001;0.0;402.13488;0.0;0.0;0.0
14.87;670.790400001;0.0;401.88726;0.0;0.0;0.0
14.88;650.955200001;0.0;401.63964;0.0;0.0;0.0
14.89;630.894600001;0.0;401.39202;0.0;0.0;0.0
14.9;610.834000001;0.0;401.1444;0.0;0.0;0.0
14.91;589.871800001;0.0;390.99198;0.0;0.0;0.0
14.92;568.909600001;0.0;390.74436;0.0;0.0;0.0
14.93;546.144200001;0.0;390.49674;0.0;0.0;0.0
14.94;523.378800001;0.0;390.24912;0.0;0.0;0.0
14.95;508.7278;0.0;390.0015;0.0;0.0;0.0
14.96;494.0768;0.0;389.75388;0.0;0.0;0.0
14.97;479.2004;0.0;389.50626;0.0;0.0;0.0
14.98;464.324;0.0;389.25864;0.0;0.0;0.0
14.99;449.2222;0.0;389.01102;0.0;0.0;0.0
15.0;434.1204;0.0;388.7634;0.0;0.0;0.0
15.01;418.3424;0.0;376.96018;0.0;0.0;0.0
15.02;402.5644;0.0;376.71256;0.0;0.0;0.0
15.03;386.561;0.0;376.46494;0.0;0.0;0.0
15.04;370.5576;0.0;376.21732;0.0;0.0;0.0
15.05;359.513;0.0;375.9697;0.0;0.0;0.0
15.06;348.4684;0.0;375.72208;0.0;0.0;0.0
15.07;337.6492;0.0;375.47446;0.0;0.0;0.0
15.08;326.83;0.0;375.22684;0.0;0.0;0.0
15.09;315.56;0.0;374.97922;0.0;0.0;0.0
15.1;304.29;0.0;374.7316;0.0;0.0;0.0
15.11;292.3438;0.0;364.57918;0.0;0.0;0.0
15.12;280.3976;0.0;364.33156;0.0;0.0;0.0
15.13;269.5784;0.0;364.08394;0.0;0.0;0.0
15.14;258.7592;0.0;363.83632;0.0;0.0;0.0
15.15;250.6448;0.0;363.5887;0.0;0.0;0.0
15.16;242.5304;0.0;363.34108;0.0;0.0;0.0
15.17;234.416;0.0;363.09346;0.0;0.0;0.0
15.18;226.3016;0.0;362.84584;0.0;0.0;0.0
15.19;218.1872;0.0;362.59822;0.0;0.0;0.0
15.2;210.0728;0.0;362.3506;0.0;0.0;0.0
15.21;201.0568;0.0;352.19818;0.0;0.0;0.0
15.22;192.0408;0.0;351.95056;0.0;0.0;0.0
15.23;184.6026;0.0;351.70294;0.0;0.0;0.0
15.24;177.1644;0.0;351.45532;0.0;0.0;0.0
15.25;171.5294;0.0;351.2077;0.0;0.0;0.0
15.26;165.8944;0.0;350.96008;0.0;0.0;0.0
15.27;160.034;0.0;350.71246;0.0;0.0;0.0
15.28;154.1736;0.0;350.46484;0.0;0.0;0.0
15.29;148.0878;0.0;350.21722;0.0;0.0;0.0
15.3;142.002;0.0;349.9696;0.0;0.0;0.0
15.31;135.24;0.0;338.16638;0.0;0.0;0.0
15.32;128.478;0.0;337.91876;0.0;0.0;0.0
15.33;123.7446;0.0;337.67114;0.0;0.0;0.0
15.34;119.0112;0.0;337.42352;0.0;0.0;0.0
15.35;114.954;0.0;337.1759;0.0;0.0;0.0
15.36;110.8968;0.0;336.92828;0.0;0.0;0.0
15.37;106.8396;0.0;336.68066;0.0;0.0;0.0
15.38;102.7824;0.0;336.43304;0.0;0.0;0.0
15.39;98.4998000001;0.0;336.18542;0.0;0.0;0.0
15.4;94.2172000001;0.0;335.9378;0.0;0.0;0.0
15.41;89.2584000001;0.0;325.78538;0.0;0.0;0.0
15.42;84.2996000001;0.0;325.53776;0.0;0.0;0.0
15.43;81.3694000001;0.0;325.29014;0.0;0.0;0.0
15.44;78.4392000001;0.0;325.04252;0.0;0.0;0.0
15.45;75.7344000001;0.0;324.7949;0.0;0.0;0.0
15.46;73.0296000001;0.0;324.54728;0.0;0.0;0.0
15.47;70.0994000001;0.0;324.29966;0.0;0.0;0.0
15.48;67.1692000001;0.0;324.05204;0.0;0.0;0.0
15.49;64.0136000001;0.0;323.80442;0.0;0.0;0.0
15.5;60.8580000001;0.0;323.5568;0.0;0.0;0.0
15.51;57.7024000001;0.0;314.22978;0.0;0.0;0.0
15.52;54.5468000001;0.0;313.98216;0.0;0.0;0.0
15.53;52.5182000001;0.0;313.73454;0.0;0.0;0.0
15.54;50.4896000001;0.0;313.48692;0.0;0.0;0.0
15.55;48.4610000001;0.0;313.2393;0.0;0.0;0.0
15.56;46.4324000001;0.0;312.99168;0.0;0.0;0.0
15.57;44.6292000001;0.0;312.74406;0.0;0.0;0.0
15.58;42.8260000001;0.0;312.49644;0.0;0.0;0.0
15.59;40.5720000001;0.0;312.24882;0.0;0.0;0.0
15.6;38.3180000001;0.0;312.0012;0.0;0.0;0.0
15.61;36.2894000001;0.0;299.37258;0.0;0.0;0.0
15.62;34.2608000001;0.0;299.12496;0.0;0.0;0.0
15.63;32.9084;0.0;298.87734;0.0;0.0;0.0
15.64;31.556;0.0;298.62972;0.0;0.0;0.0
15.65;30.2036;0.0;298.3821;0.0;0.0;0.0
15.66;28.8512;0.0;298.13448;0.0;0.0;0.0
15.67;27.4988;0.0;297.88686;0.0;0.0;0.0
15.68;26.1464;0.0;297.63924;0.0;0.0;0.0
15.69;24.794;0.0;297.39162;0.0;0.0;0.0
15.7;23.4416;0.0;297.144;0.0;0.0;0.0
15.71;22.0892;0.0;287.81698;0.0;0.0;0.0
15.72;20.7368;0.0;287.56936;0.0;0.0;0.0
15.73;19.8352;0.0;287.32174;0.0;0.0;0.0
15.74;18.9336;0.0;287.07412;0.0;0.0;0.0
15.75;18.032;0.0;286.8265;0.0;0.0;0.0
15.76;17.1304;0.0;286.57888;0.0;0.0;0.0
15.77;16.2288;0.0;286.33126;0.0;0.0;0.0
15.78;15.3272;0.0;286.08364;0.0;0.0;0.0
15.79;14.4256;0.0;285.83602;0.0;0.0;0.0
15.8;13.524;0.0;285.5884;0.0;0.0;0.0
15.81;12.8478;0.0;275.43598;0.0;0.0;0.0
15.82;12.1716;0.0;275.18836;0.0;0.0;0.0
15.83;11.4954;0.0;274.94074;0.0;0.0;0.0
15.84;10.8192;0.0;274.69312;0.0;0.0;0.0
15.85;10.3684;0.0;274.4455;0.0;0.0;0.0
15.86;9.91760000001;0.0;274.19788;0.0;0.0;0.0
15.87;9.24140000002;0.0;273.95026;0.0;0.0;0.0
15.88;8.56520000002;0.0;273.70264;0.0;0.0;0.0
15.89;7.88900000002;0.0;273.45502;0.0;0.0;0.0
15.9;7.21280000002;0.0;273.2074;0.0;0.0;0.0
15.91;6.98740000001;0.0;261.40418;0.0;0.0;0.0
15.92;6.76200000001;0.0;261.15656;0.0;0.0;0.0
15.93;6.31120000001;0.0;260.90894;0.0;0.0;0.0
15.94;5.86040000001;0.0;260.66132;0.0;0.0;0.0
15.95;5.63500000001;0.0;260.4137;0.0;0.0;0.0
15.96;5.40960000001;0.0;260.16608;0.0;0.0;0.0
15.97;4.95880000001;0.0;259.91846;0.0;0.0;0.0
15.98;4.50800000001;0.0;259.67084;0.0;0.0;0.0
15.99;4.28260000001;0.0;259.42322;0.0;0.0;0.0
16.0;4.05720000001;0.0;259.1756;0.0;0.0;0.0
16.01;3.83180000001;0.0;249.84858;0.0;0.0;0.0
16.02;3.60640000001;0.0;249.60096;0.0;0.0;0.0
16.03;3.38100000001;0.0;249.35334;0.0;0.0;0.0
16.04;3.15560000001;0.0;249.10572;0.0;0.0;0.0
16.05;2.93020000001;0.0;248.8581;0.0;0.0;0.0
16.06;2.70480000001;0.0;248.61048;0.0;0.0;0.0
16.07;2.47940000001;0.0;248.36286;0.0;0.0;0.0
16.08;2.25400000001;0.0;248.11524;0.0;0.0;0.0
16.09;2.02860000001;0.0;247.86762;0.0;0.0;0.0
16.1;1.80320000001;0.0;247.62;0.0;0.0;0.0
16.11;1.8032;0.0;238.29298;0.0;0.0;0.0
16.12;1.8032;0.0;238.04536;0.0;0.0;0.0
16.13;1.57780000001;0.0;237.79774;0.0;0.0;0.0
16.14;1.35240000001;0.0;237.55012;0.0;0.0;0.0
16.15;1.3524;0.0;237.3025;0.0;0.0;0.0
16.16;1.3524;0.0;237.05488;0.0;0.0;0.0
16.17;1.12700000001;0.0;236.80726;0.0;0.0;0.0
16.18;0.901600000006;0.0;236.55964;0.0;0.0;0.0
16.19;0.9016;0.0;236.31202;0.0;0.0;0.0
16.2;0.9016;0.0;236.0644;0.0;0.0;0.0
16.21;0.9016;0.0;224.26118;0.0;0.0;0.0
16.22;0.9016;0.0;224.01356;0.0;0.0;0.0
16.23;0.676200000006;0.0;223.76594;0.0;0.0;0.0
16.24;0.450800000006;0.0;223.51832;0.0;0.0;0.0
16.25;0.4508;0.0;223.2707;0.0;0.0;0.0
16.26;0.4508;0.0;223.02308;0.0;0.0;0.0
16.27;0.4508;0.0;222.77546;0.0;0.0;0.0
16.28;0.4508;0.0;222.52784;0.0;0.0;0.0
16.29;0.4508;0.0;222.28022;0.0;0.0;0.0
16.3;0.4508;0.0;222.0326;0.0;0.0;0.0
16.31;0.4508;0.0;212.70558;0.0;0.0;0.0
16.32;0.4508;0.0;212.45796;0.0;0.0;0.0
16.33;0.4508;0.0;212.21034;0.0;0.0;0.0
16.34;0.4508;0.0;211.96272;0.0;0.0;0.0
16.35;0.225400000005;0.0;211.7151;0.0;0.0;0.0
16.36;5.44531202593e-12;0.0;211.46748;0.0;0.0;0.0
16.37;0.0;0.0;211.21986;0.0;0.0;0.0
16.38;0.0;0.0;210.97224;0.0;0.0;0.0
16.39;0.0;0.0;210.72462;0.0;0.0;0.0
16.4;0.0;0.0;210.477;0.0;0.0;0.0
16.41;0.0;0.0;201.23252;0.0;0.0;0.0
16.42;0.0;0.0;201.06744;0.0;0.0;0.0
16.43;0.0;0.0;200.90236;0.0;0.0;0.0
16.44;0.0;0.0;200.73728;0.0;0.0;0.0
16.45;0.0;0.0;200.5722;0.0;0.0;0.0
16.46;0.0;0.0;200.40712;0.0;0.0;0.0
16.47;0.0;0.0;200.24204;0.0;0.0;0.0
16.48;0.0;0.0;200.07696;0.0;0.0;0.0
16.49;0.0;0.0;199.91188;0.0;0.0;0.0
16.5;0.0;0.0;199.7468;0.0;0.0;0.0
16.51;0.0;0.0;188.02612;0.0;0.0;0.0
16.52;0.0;0.0;187.86104;0.0;0.0;0.0
16.53;0.0;0.0;187.69596;0.0;0.0;0.0
16.54;0.0;0.0;187.53088;0.0;0.0;0.0
16.55;0.0;0.0;187.3658;0.0;0.0;0.0
16.56;0.0;0.0;187.20072;0.0;0.0;0.0
16.57;0.0;0.0;187.03564;0.0;0.0;0.0
16.58;0.0;0.0;186.87056;0.0;0.0;0.0
16.59;0.0;0.0;186.70548;0.0;0.0;0.0
16.6;0.0;0.0;186.5404;0.0;0.0;0.0
16.61;0.0;0.0;177.29592;0.0;0.0;0.0
16.62;0.0;0.0;177.13084;0.0;0.0;0.0
16.63;0.0;0.0;176.96576;0.0;0.0;0.0
16.64;0.0;0.0;176.80068;0.0;0.0;0.0
16.65;0.0;0.0;176.6356;0.0;0.0;0.0
16.66;0.0;0.0;176.47052;0.0;0.0;0.0
16.67;0.0;0.0;176.30544;0.0;0.0;0.0
16.68;0.0;0.0;176.14036;0.0;0.0;0.0
16.69;0.0;0.0;175.97528;0.0;0.0;0.0
16.7;0.0;0.0;175.8102;0.0;0.0;0.0
16.71;0.0;0.0;166.56572;0.0;0.0;0.0
16.72;0.0;0.0;166.40064;0.0;0.0;0.0
16.73;0.0;0.0;166.23556;0.0;0.0;0.0
16.74;0.0;0.0;166.07048;0.0;0.0;0.0
16.75;0.0;0.0;165.9054;0.0;0.0;0.0
16.76;0.0;0.0;165.74032;0.0;0.0;0.0
16.77;0.0;0.0;165.57524;0.0;0.0;0.0
16.78;0.0;0.0;165.41016;0.0;0.0;0.0
16.79;0.0;0.0;165.24508;0.0;0.0;0.0
16.8;0.0;0.0;165.08;0.0;0.0;0.0
16.81;0.0;0.0;154.10218;0.0;0.0;0.0
16.82;0.0;0.0;153.85456;0.0;0.0;0.0
16.83;0.0;0.0;153.60694;0.0;0.0;0.0
16.84;0.0;0.0;153.35932;0.0;0.0;0.0
16.85;0.0;0.0;153.1117;0.0;0.0;0.0
16.86;0.0;0.0;152.86408;0.0;0.0;0.0
16.87;0.0;0.0;152.61646;0.0;0.0;0.0
16.88;0.0;0.0;152.36884;0.0;0.0;0.0
16.89;0.0;0.0;152.12122;0.0;0.0;0.0
16.9;0.0;0.0;151.8736;0.0;0.0;0.0
16.91;0.0;0.0;143.45452;0.0;0.0;0.0
16.92;0.0;0.0;143.28944;0.0;0.0;0.0
16.93;0.0;0.0;143.12436;0.0;0.0;0.0
16.94;0.0;0.0;142.95928;0.0;0.0;0.0
16.95;0.0;0.0;142.7942;0.0;0.0;0.0
16.96;0.0;0.0;142.62912;0.0;0.0;0.0
16.97;0.0;0.0;142.46404;0.0;0.0;0.0
16.98;0.0;0.0;142.29896;0.0;0.0;0.0
16.99;0.0;0.0;142.13388;0.0;0.0;0.0
17.0;0.0;0.0;141.9688;0.0;0.0;0.0
17.01;0.0;0.0;133.54972;0.0;0.0;0.0
17.02;0.0;0.0;133.38464;0.0;0.0;0.0
17.03;0.0;0.0;133.21956;0.0;0.0;0.0
17.04;0.0;0.0;133.05448;0.0;0.0;0.0
17.05;0.0;0.0;132.8894;0.0;0.0;0.0
17.06;0.0;0.0;132.72432;0.0;0.0;0.0
17.07;0.0;0.0;132.55924;0.0;0.0;0.0
17.08;0.0;0.0;132.39416;0.0;0.0;0.0
17.09;0.0;0.0;132.22908;0.0;0.0;0.0
17.1;0.0;0.0;132.064;0.0;0.0;0.0
17.11;0.0;0.0;123.64492;0.0;0.0;0.0
17.12;0.0;0.0;123.47984;0.0;0.0;0.0
17.13;0.0;0.0;123.31476;0.0;0.0;0.0
17.14;0.0;0.0;123.14968;0.0;0.0;0.0
17.15;0.0;0.0;122.9846;0.0;0.0;0.0
17.16;0.0;0.0;122.81952;0.0;0.0;0.0
17.17;0.0;0.0;122.65444;0.0;0.0;0.0
17.18;0.0;0.0;122.48936;0.0;0.0;0.0
17.19;0.0;0.0;122.32428;0.0;0.0;0.0
17.2;0.0;0.0;122.1592;0.0;0.0;0.0
17.21;0.0;0.0;112.08932;0.0;0.0;0.0
17.22;0.0;0.0;111.92424;0.0;0.0;0.0
17.23;0.0;0.0;111.75916;0.0;0.0;0.0
17.24;0.0;0.0;111.59408;0.0;0.0;0.0
17.25;0.0;0.0;111.429;0.0;0.0;0.0
17.26;0.0;0.0;111.26392;0.0;0.0;0.0
17.27;0.0;0.0;111.09884;0.0;0.0;0.0
17.28;0.0;0.0;110.93376;0.0;0.0;0.0
17.29;0.0;0.0;110.76868;0.0;0.0;0.0
17.3;0.0;0.0;110.6036;0.0;0.0;0.0
17.31;0.0;0.0;103.00992;0.0;0.0;0.0
17.32;0.0;0.0;102.84484;0.0;0.0;0.0
17.33;0.0;0.0;102.67976;0.0;0.0;0.0
17.34;0.0;0.0;102.51468;0.0;0.0;0.0
17.35;0.0;0.0;102.3496;0.0;0.0;0.0
17.36;0.0;0.0;102.18452;0.0;0.0;0.0
17.37;0.0;0.0;102.01944;0.0;0.0;0.0
17.38;0.0;0.0;101.85436;0.0;0.0;0.0
17.39;0.0;0.0;101.68928;0.0;0.0;0.0
17.4;0.0;0.0;101.5242;0.0;0.0;0.0
17.41;0.0;0.0;93.93052;0.0;0.0;0.0
17.42;0.0;0.0;93.76544;0.0;0.0;0.0
17.43;0.0;0.0;93.60036;0.0;0.0;0.0
17.44;0.0;0.0;93.43528;0.0;0.0;0.0
17.45;0.0;0.0;93.2702;0.0;0.0;0.0
17.46;0.0;0.0;93.10512;0.0;0.0;0.0
17.47;0.0;0.0;92.94004;0.0;0.0;0.0
17.48;0.0;0.0;92.77496;0.0;0.0;0.0
17.49;0.0;0.0;92.60988;0.0;0.0;0.0
17.5;0.0;0.0;92.4448;0.0;0.0;0.0
17.51;0.0;0.0;83.233336;0.0;0.0;0.0
17.52;0.0;0.0;83.101272;0.0;0.0;0.0
17.53;0.0;0.0;82.969208;0.0;0.0;0.0
17.54;0.0;0.0;82.837144;0.0;0.0;0.0
17.55;0.0;0.0;82.70508;0.0;0.0;0.0
17.56;0.0;0.0;82.573016;0.0;0.0;0.0
17.57;0.0;0.0;82.440952;0.0;0.0;0.0
17.58;0.0;0.0;82.308888;0.0;0.0;0.0
17.59;0.0;0.0;82.176824;0.0;0.0;0.0
17.6;0.0;0.0;82.04476;0.0;0.0;0.0
17.61;0.0;0.0;75.19394;0.0;0.0;0.0
17.62;0.0;0.0;75.02886;0.0;0.0;0.0
17.63;0.0;0.0;74.86378;0.0;0.0;0.0
17.64;0.0;0.0;74.6987;0.0;0.0;0.0
17.65;0.0;0.0;74.53362;0.0;0.0;0.0
17.66;0.0;0.0;74.36854;0.0;0.0;0.0
17.67;0.0;0.0;74.20346;0.0;0.0;0.0
17.68;0.0;0.0;74.03838;0.0;0.0;0.0
17.69;0.0;0.0;73.8733;0.0;0.0;0.0
17.7;0.0;0.0;73.70822;0.0;0.0;0.0
17.71;0.0;0.0;67.113274;0.0;0.0;0.0
17.72;0.0;0.0;66.956448;0.0;0.0;0.0
17.73;0.0;0.0;66.799622;0.0;0.0;0.0
17.74;0.0;0.0;66.642796;0.0;0.0;0.0
17.75;0.0;0.0;66.48597;0.0;0.0;0.0
17.76;0.0;0.0;66.329144;0.0;0.0;0.0
17.77;0.0;0.0;66.172318;0.0;0.0;0.0
17.78;0.0;0.0;66.015492;0.0;0.0;0.0
17.79;0.0;0.0;65.858666;0.0;0.0;0.0
17.8;0.0;0.0;65.70184;0.0;0.0;0.0
17.81;0.0;0.0;57.959588;0.0;0.0;0.0
17.82;0.0;0.0;57.811016;0.0;0.0;0.0
17.83;0.0;0.0;57.662444;0.0;0.0;0.0
17.84;0.0;0.0;57.513872;0.0;0.0;0.0
17.85;0.0;0.0;57.3653;0.0;0.0;0.0
17.86;0.0;0.0;57.216728;0.0;0.0;0.0
17.87;0.0;0.0;57.068156;0.0;0.0;0.0
17.88;0.0;0.0;56.919584;0.0;0.0;0.0
17.89;0.0;0.0;56.771012;0.0;0.0;0.0
17.9;0.0;0.0;56.62244;0.0;0.0;0.0
17.91;0.0;0.0;50.621782;0.0;0.0;0.0
17.92;0.0;0.0;50.481464;0.0;0.0;0.0
17.93;0.0;0.0;50.341146;0.0;0.0;0.0
17.94;0.0;0.0;50.200828;0.0;0.0;0.0
17.95;0.0;0.0;50.06051;0.0;0.0;0.0
17.96;0.0;0.0;49.920192;0.0;0.0;0.0
17.97;0.0;0.0;49.779874;0.0;0.0;0.0
17.98;0.0;0.0;49.639556;0.0;0.0;0.0
17.99;0.0;0.0;49.499238;0.0;0.0;0.0
18.0;0.0;0.0;43.82874;0.0;0.0;0.0
18.01;0.0;0.0;43.696676;0.0;0.0;0.0
18.02;0.0;0.0;43.564612;0.0;0.0;0.0
18.03;0.0;0.0;43.432548;0.0;0.0;0.0
18.04;0.0;0.0;43.300484;0.0;0.0;0.0
18.05;0.0;0.0;43.16842;0.0;0.0;0.0
18.06;0.0;0.0;43.036356;0.0;0.0;0.0
18.07;0.0;0.0;42.904292;0.0;0.0;0.0
18.08;0.0;0.0;42.772228;0.0;0.0;0.0
18.09;0.0;0.0;42.640164;0.0;0.0;0.0
18.1;0.0;0.0;36.06998;0.0;0.0;0.0
18.11;0.0;0.0;35.94617;0.0;0.0;0.0
18.12;0.0;0.0;35.82236;0.0;0.0;0.0
18.13;0.0;0.0;35.69855;0.0;0.0;0.0
18.14;0.0;0.0;35.57474;0.0;0.0;0.0
18.15;0.0;0.0;35.45093;0.0;0.0;0.0
18.16;0.0;0.0;35.32712;0.0;0.0;0.0
18.17;0.0;0.0;35.20331;0.0;0.0;0.0
18.18;0.0;0.0;35.0795;0.0;0.0;0.0
18.19;0.0;0.0;34.95569;0.0;0.0;0.0
18.2;0.0;0.0;29.96202;0.0;0.0;0.0
18.21;0.0;0.0;29.846464;0.0;0.0;0.0
18.22;0.0;0.0;29.730908;0.0;0.0;0.0
18.23;0.0;0.0;29.615352;0.0;0.0;0.0
18.24;0.0;0.0;29.499796;0.0;0.0;0.0
18.25;0.0;0.0;29.38424;0.0;0.0;0.0
18.26;0.0;0.0;29.268684;0.0;0.0;0.0
18.27;0.0;0.0;29.153128;0.0;0.0;0.0
18.28;0.0;0.0;29.037572;0.0;0.0;0.0
18.29;0.0;0.0;28.922016;0.0;0.0;0.0
18.3;0.0;0.0;24.26676;0.0;0.0;0.0
18.31;0.0;0.0;24.159458;0.0;0.0;0.0
18.32;0.0;0.0;24.052156;0.0;0.0;0.0
18.33;0.0;0.0;23.944854;0.0;0.0;0.0
18.34;0.0;0.0;23.837552;0.0;0.0;0.0
18.35;0.0;0.0;23.73025;0.0;0.0;0.0
18.36;0.0;0.0;23.622948;0.0;0.0;0.0
18.37;0.0;0.0;23.515646;0.0;0.0;0.0
18.38;0.0;0.0;23.408344;0.0;0.0;0.0
18.39;0.0;0.0;23.301042;0.0;0.0;0.0
18.4;0.0;0.0;17.99372;0.0;0.0;0.0
18.41;0.0;0.0;17.894672;0.0;0.0;0.0
18.42;0.0;0.0;17.795624;0.0;0.0;0.0
18.43;0.0;0.0;17.696576;0.0;0.0;0.0
18.44;0.0;0.0;17.597528;0.0;0.0;0.0
18.45;0.0;0.0;17.49848;0.0;0.0;0.0
18.46;0.0;0.0;17.399432;0.0;0.0;0.0
18.47;0.0;0.0;17.300384;0.0;0.0;0.0
18.48;0.0;0.0;17.201336;0.0;0.0;0.0
18.49;0.0;0.0;17.102288;0.0;0.0;0.0
18.5;0.0;0.0;13.2064;0.0;0.0;0.0
18.51;0.0;0.0;13.115606;0.0;0.0;0.0
18.52;0.0;0.0;13.024812;0.0;0.0;0.0
18.53;0.0;0.0;12.934018;0.0;0.0;0.0
18.54;0.0;0.0;12.843224;0.0;0.0;0.0
18.55;0.0;0.0;12.75243;0.0;0.0;0.0
18.56;0.0;0.0;12.661636;0.0;0.0;0.0
18.57;0.0;0.0;12.570842;0.0;0.0;0.0
18.58;0.0;0.0;12.480048;0.0;0.0;0.0
18.59;0.0;0.0;12.389254;0.0;0.0;0.0
18.6;0.0;0.0;8.74924;0.0;0.0;0.0
18.61;0.0;0.0;8.6592714;0.0;0.0;0.0
18.62;0.0;0.0;8.5693028;0.0;0.0;0.0
18.63;0.0;0.0;8.4793342;0.0;0.0;0.0
18.64;0.0;0.0;8.3893656;0.0;0.0;0.0
18.65;0.0;0.0;8.299397;0.0;0.0;0.0
18.66;0.0;0.0;8.2094284;0.0;0.0;0.0
18.67;0.0;0.0;8.1194598;0.0;0.0;0.0
18.68;0.0;0.0;8.0294912;0.0;0.0;0.0
18.69;0.0;0.0;7.9395226;0.0;0.0;0.0
18.7;0.0;0.0;3.293346;0.0;0.0;0.0
18.71;0.0;0.0;3.1761392;0.0;0.0;0.0
18.72;0.0;0.0;3.0589324;0.0;0.0;0.0
18.73;0.0;0.0;2.9417256;0.0;0.0;0.0
18.74;0.0;0.0;2.8245188;0.0;0.0;0.0
18.75;0.0;0.0;2.707312;0.0;0.0;0.0
18.76;0.0;0.0;2.5901052;0.0;0.0;0.0
18.77;0.0;0.0;2.4728984;0.0;0.0;0.0
18.78;0.0;0.0;2.3556916;0.0;0.0;0.0
18.79;0.0;0.0;2.2384848;0.0;0.0;0.0
18.8;0.0;0.0;0.0;0.0;0.0;0.0
18.81;0.0;0.0;0.0;0.0;0.0;0.0
18.82;0.0;0.0;0.0;0.0;0.0;0.0
18.83;0.0;0.0;0.0;0.0;0.0;0.0
18.84;0.0;0.0;0.0;0.0;0.0;0.0
18.85;0.0;0.0;0.0;0.0;0.0;0.0
18.86;0.0;0.0;0.0;0.0;0.0;0.0
18.87;0.0;0.0;0.0;0.0;0.0;0.0
18.88;0.0;0.0;0.0;0.0;0.0;0.0
18.89;0.0;0.0;0.0;0.0;0.0;0.0
18.9;0.0;0.0;0.0;0.0;0.0;0.0
18.91;0.0;0.0;0.0;0.0;0.0;0.0
18.92;0.0;0.0;0.0;0.0;0.0;0.0
18.93;0.0;0.0;0.0;0.0;0.0;0.0
18.94;0.0;0.0;0.0;0.0;0.0;0.0
18.95;0.0;0.0;0.0;0.0;0.0;0.0
18.96;0.0;0.0;0.0;0.0;0.0;0.0
18.97;0.0;0.0;0.0;0.0;0.0;0.0
18.98;0.0;0.0;0.0;0.0;0.0;0.0
18.99;0.0;0.0;0.0;0.0;0.0;0.0
19.0;0.0;0.0;0.0;0.0;0.0;0.0
19.01;0.0;0.0;0.0;0.0;0.0;0.0
19.02;0.0;0.0;0.0;0.0;0.0;0.0
19.03;0.0;0.0;0.0;0.0;0.0;0.0
19.04;0.0;0.0;0.0;0.0;0.0;0.0
19.05;0.0;0.0;0.0;0.0;0.0;0.0
19.06;0.0;0.0;0.0;0.0;0.0;0.0
19.07;0.0;0.0;0.0;0.0;0.0;0.0
19.08;0.0;0.0;0.0;0.0;0.0;0.0
19.09;0.0;0.0;0.0;0.0;0.0;0.0
19.1;0.0;0.0;0.0;0.0;0.0;0.0
19.11;0.0;0.0;0.0;0.0;0.0;0.0
19.12;0.0;0.0;0.0;0.0;0.0;0.0
19.13;0.0;0.0;0.0;0.0;0.0;0.0
19.14;0.0;0.0;0.0;0.0;0.0;0.0
19.15;0.0;0.0;0.0;0.0;0.0;0.0
19.16;0.0;0.0;0.0;0.0;0.0;0.0
19.17;0.0;0.0;0.0;0.0;0.0;0.0
19.18;0.0;0.0;0.0;0.0;0.0;0.0
19.19;0.0;0.0;0.0;0.0;0.0;0.0
19.2;0.0;0.0;0.0;0.0;0.0;0.0
19.21;0.0;0.0;0.0;0.0;0.0;0.0
19.22;0.0;0.0;0.0;0.0;0.0;0.0
19.23;0.0;0.0;0.0;0.0;0.0;0.0
19.24;0.0;0.0;0.0;0.0;0.0;0.0
19.25;0.0;0.0;0.0;0.0;0.0;0.0
19.26;0.0;0.0;0.0;0.0;0.0;0.0
19.27;0.0;0.0;0.0;0.0;0.0;0.0
19.28;0.0;0.0;0.0;0.0;0.0;0.0
19.29;0.0;0.0;0.0;0.0;0.0;0.0
19.3;0.0;0.0;0.0;0.0;0.0;0.0
19.31;0.0;0.0;0.0;0.0;0.0;0.0
19.32;0.0;0.0;0.0;0.0;0.0;0.0
19.33;0.0;0.0;0.0;0.0;0.0;0.0
19.34;0.0;0.0;0.0;0.0;0.0;0.0
19.35;0.0;0.0;0.0;0.0;0.0;0.0
19.36;0.0;0.0;0.0;0.0;0.0;0.0
19.37;0.0;0.0;0.0;0.0;0.0;0.0
19.38;0.0;0.0;0.0;0.0;0.0;0.0
19.39;0.0;0.0;0.0;0.0;0.0;0.0
19.4;0.0;0.0;0.0;0.0;0.0;0.0
19.41;0.0;0.0;0.0;0.0;0.0;0.0
19.42;0.0;0.0;0.0;0.0;0.0;0.0
19.43;0.0;0.0;0.0;0.0;0.0;0.0
19.44;0.0;0.0;0.0;0.0;0.0;0.0
19.45;0.0;0.0;0.0;0.0;0.0;0.0
19.46;0.0;0.0;0.0;0.0;0.0;0.0
19.47;0.0;0.0;0.0;0.0;0.0;0.0
19.48;0.0;0.0;0.0;0.0;0.0;0.0
19.49;0.0;0.0;0.0;0.0;0.0;0.0
19.5;0.0;0.0;0.0;0.0;0.0;0.0
19.51;0.0;0.0;0.0;0.0;0.0;0.0
19.52;0.0;0.0;0.0;0.0;0.0;0.0
19.53;0.0;0.0;0.0;0.0;0.0;0.0
19.54;0.0;0.0;0.0;0.0;0.0;0.0
19.55;0.0;0.0;0.0;0.0;0.0;0.0
19.56;0.0;0.0;0.0;0.0;0.0;0.0
19.57;0.0;0.0;0.0;0.0;0.0;0.0
19.58;0.0;0.0;0.0;0.0;0.0;0.0
19.59;0.0;0.0;0.0;0.0;0.0;0.0
19.6;0.0;0.0;0.0;0.0;0.0;0.0
19.61;0.0;0.0;0.0;0.0;0.0;0.0
19.62;0.0;0.0;0.0;0.0;0.0;0.0
19.63;0.0;0.0;0.0;0.0;0.0;0.0
19.64;0.0;0.0;0.0;0.0;0.0;0.0
19.65;0.0;0.0;0.0;0.0;0.0;0.0
19.66;0.0;0.0;0.0;0.0;0.0;0.0
19.67;0.0;0.0;0.0;0.0;0.0;0.0
19.68;0.0;0.0;0.0;0.0;0.0;0.0
19.69;0.0;0.0;0.0;0.0;0.0;0.0
19.7;0.0;0.0;0.0;0.0;0.0;0.0
19.71;0.0;0.0;0.0;0.0;0.0;0.0
19.72;0.0;0.0;0.0;0.0;0.0;0.0
19.73;0.0;0.0;0.0;0.0;0.0;0.0
19.74;0.0;0.0;0.0;0.0;0.0;0.0
19.75;0.0;0.0;0.0;0.0;0.0;0.0
19.76;0.0;0.0;0.0;0.0;0.0;0.0
19.77;0.0;0.0;0.0;0.0;0.0;0.0
19.78;0.0;0.0;0.0;0.0;0.0;0.0
19.79;0.0;0.0;0.0;0.0;0.0;0.0
19.8;0.0;0.0;0.0;0.0;0.0;0.0
19.81;0.0;0.0;0.0;0.0;0.0;0.0
19.82;0.0;0.0;0.0;0.0;0.0;0.0
19.83;0.0;0.0;0.0;0.0;0.0;0.0
19.84;0.0;0.0;0.0;0.0;0.0;0.0
19.85;0.0;0.0;0.0;0.0;0.0;0.0
19.86;0.0;0.0;0.0;0.0;0.0;0.0
19.87;0.0;0.0;0.0;0.0;0.0;0.0
19.88;0.0;0.0;0.0;0.0;0.0;0.0
19.89;0.0;0.0;0.0;0.0;0.0;0.0
19.9;0.0;0.0;0.0;0.0;0.0;0.0
19.91;0.0;0.0;0.0;0.0;0.0;0.0
19.92;0.0;0.0;0.0;0.0;0.0;0.0
19.93;0.0;0.0;0.0;0.0;0.0;0.0
19.94;0.0;0.0;0.0;0.0;0.0;0.0
19.95;0.0;0.0;0.0;0.0;0.0;0.0
19.96;0.0;0.0;0.0;0.0;0.0;0.0
19.97;0.0;0.0;0.0;0.0;0.0;0.0
19.98;0.0;0.0;0.0;0.0;0.0;0.0
19.99;0.0;0.0;0.0;0.0;0.0;0.0
