energy;sum_spectrum
0.0;0.0
0.01;826342753.458
0.02;3215697083.48
0.03;7043717680.42
0.04;12174354819.4
0.05;18477378523.6
0.06;25857094080.0
0.07;34178426150.9
0.08;43323811803.0
0.09;53191704697.8
0.1;63657511269.8
0.11;74621783762.3
0.12;85971274070.1
0.13;97599637623.3
0.14;1.094139646e+11
0.15;1.21313062816e+11
0.16;1.33195601508e+11
0.17;1.4496520013e+11
0.18;1.56529977078e+11
0.19;1.67790104348e+11
0.2;1.78663630739e+11
0.21;1.8904514947e+11
0.22;1.98860200245e+11
0.23;2.08010209366e+11
0.24;2.16414938809e+11
0.25;2.23975124787e+11
0.26;2.30602801454e+11
0.27;2.36201244516e+11
0.28;2.40675687638e+11
0.29;2.43925294461e+11
0.3;2.45833572667e+11
0.31;2.46288693799e+11
0.32;2.45152041767e+11
0.33;2.4226701225e+11
0.34;2.37456837594e+11
0.35;2.30488883195e+11
0.36;2.21069763519e+11
0.37;2.0879949383e+11
0.38;1.93111073277e+11
0.39;1.73075274266e+11
0.4;1.47011006689e+11
0.41;1.11084558611e+11
0.42;44428916857.5
0.43;239309966.564
0.44;246676493.959
0.45;253895838.091
0.46;260948240.064
0.47;268319065.295
0.48;274755445.723
0.49;282248046.445
0.5;288353938.157
0.51;295046449.68
0.52;301761959.896
0.53;307846243.509
0.54;313403586.595
0.55;320640122.338
0.56;325997396.27
0.57;331287158.214
0.58;336700048.517
0.59;341941389.281
0.6;347303146.699
0.61;352694939.473
0.62;358028091.752
0.63;363290567.759
0.64;366740111.267
0.65;371620755.09
0.66;374781816.907
0.67;379803225.605
0.68;382912882.986
0.69;385975474.171
0.7;389277316.69
0.71;391903665.634
0.72;394536522.578
0.73;396159389.103
0.74;399646924.979
0.75;401124766.1
0.76;402505189.239
0.77;403982773.864
0.78;405374439.822
0.79;406741222.696
0.8;406064880.57
0.81;406805734.671
0.82;406424796.459
0.83;406604773.805
0.84;406374747.161
0.85;405761797.764
0.86;403763224.012
0.87;403460432.967
0.88;400930637.94
0.89;398474732.309
0.9;397949238.012
0.91;395465461.115
0.92;391855598.233
0.93;388198134.383
0.94;385494919.205
0.95;381726382.031
0.96;377789261.524
0.97;373359710.463
0.98;369120701.736
0.99;364700807.886
1.0;357820579.474
1.01;351951607.108
1.02;348086380.494
1.03;340207176.194
1.04;332127271.853
1.05;327913624.782
1.06;319083877.753
1.07;309708241.768
1.08;304544051.824
1.09;294362371.798
1.1;283230137.73
1.11;277316112.228
1.12;265177132.767
1.13;252090872.24
1.14;244680411.712
1.15;229442661.328
1.16;212596057.563
1.17;203175363.547
1.18;181621115.531
1.19;153716716.531
1.2;137337283.531
1.21;136451899.137
1.22;135428522.744
1.23;134395399.678
1.24;133362276.611
1.25;132181408.786
1.26;131000540.962
1.27;129671928.153
1.28;128780069.344
1.29;127448210.875
1.3;125984868.406
1.31;124508519.019
1.32;122887668.931
1.33;121263576.789
1.34;119639484.648
1.35;117867646.846
1.36;116095809.044
1.37;114901978.68
1.38;112995410.316
1.39;111075832.714
1.4;109011755.112
1.41;106944431.625
1.42;104877108.179
1.43;102662043.355
1.44;100446978.531
1.45;98087421.1458
1.46;96607879.7603
1.47;94245075.1367
1.48;91737771.256
1.49;89227218.0421
1.5;86716664.8282
1.51;84058365.9953
1.52;81255567.1624
1.53;78597278.698
1.54;75810760.2335
1.55;73871724.0389
1.56;70917933.8444
1.57;67819649.5515
1.58;64862611.2587
1.59;61616578.1913
1.6;58370545.1239
1.61;54973511.228
1.62;51602509.3321
1.63;49216984.3348
1.64;45524450.5946
1.65;41831922.4894
1.66;37847140.3842
1.67;33570109.0124
1.68;29142069.6406
1.69;24418526.5514
1.7;19001769.586
1.71;12932563.3826
1.72;8074360.8554
1.73;242007.2394
1.74;148009.0234
1.75;149357.0646
1.76;150705.1058
1.77;152057.2042
1.78;153410.128
1.79;154764.0296
1.8;156117.9312
1.81;157481.0742
1.82;158844.2172
1.83;160212.7698
1.84;161581.3224
1.85;162953.4814
1.86;164325.6404
1.87;165700.7296
1.88;167075.8188
1.89;168452.4477
1.9;169829.0766
1.91;171214.3088
1.92;172599.541
1.93;173988.9796
1.94;175377.5928
1.95;176768.9108
1.96;178160.2288
1.97;179553.8008
1.98;180947.7855
1.99;182341.9956
2.0;183735.793
2.01;185138.8318
2.02;186541.8706
2.03;187947.1634
2.04;189352.4562
2.05;190759.5522
2.06;192167.0609
2.07;193576.1474
2.08;194984.8212
2.09;196393.495
2.1;197802.9942
2.11;199219.3316
2.12;200635.669
2.13;202053.7715
2.14;203471.874
2.15;204890.9162
2.16;206309.9584
2.17;207729.6387
2.18;209149.319
2.19;210569.0374
2.2;211988.7558
2.21;213414.56
2.22;214840.3642
2.23;216267.2573
2.24;217694.1504
2.25;219122.1324
2.26;220549.289
2.27;221975.9948
2.28;223403.1133
2.29;224830.4572
2.3;226257.3884
2.31;227689.053
2.32;229121.1303
2.33;230553.2076
2.34;231984.8722
2.35;233416.3114
2.36;234848.1633
2.37;236278.8882
2.38;237709.2004
2.39;239139.738
2.4;240571.9264
2.41;242006.7466
2.42;243441.5668
2.43;244876.1235
2.44;246310.6802
2.45;247743.9226
2.46;249177.165
2.47;250608.7915
2.48;252040.418
2.49;253472.0826
2.5;254903.7472
2.51;256338.3039
2.52;257772.8606
2.53;259205.8776
2.54;260638.8946
2.55;262071.5338
2.56;263502.5222
2.57;264930.8058
2.58;266359.5021
2.59;267789.3254
2.6;269219.1487
2.61;270650.3244
2.62;272081.0874
2.63;273509.5964
2.64;274938.5181
2.65;276365.1858
2.66;277791.4408
2.67;279214.0894
2.68;280637.1507
2.69;282061.7898
2.7;283487.667
2.71;284911.668
2.72;286335.669
2.73;287757.3779
2.74;289179.0868
2.75;290598.0909
2.76;292017.095
2.77;293430.7276
2.78;294844.3602
2.79;296261.1103
2.8;297677.8604
2.81;299093.0327
2.82;300508.205
2.83;301919.809
2.84;303331.413
2.85;304739.5979
2.86;306147.7828
2.87;307551.5708
2.88;308953.708
2.89;310359.9024
2.9;311766.5095
2.91;313169.7356
2.92;314572.9617
2.93;315972.5814
2.94;317371.7884
2.95;318766.9382
2.96;320162.5007
2.97;321552.6536
2.98;322942.8065
2.99;324334.7626
3.0;325726.7187
3.01;327114.843
3.02;328503.38
3.03;329887.2217
3.04;331271.0634
3.05;332650.1717
3.06;334029.28
3.07;335403.4295
3.08;336777.579
3.09;338152.4047
3.1;339527.2304
3.11;340897.1354
3.12;342267.0404
3.13;343632.8501
3.14;344998.6598
3.15;346359.0599
3.16;347719.46
3.17;349075.914
3.18;350430.7172
3.19;351785.7458
3.2;353141.1871
3.21;354491.895
3.22;355842.6029
3.23;357188.1266
3.24;358533.6503
3.25;359873.0882
3.26;361212.5261
3.27;362547.456
3.28;363882.3859
3.29;365215.738
3.3;366548.6774
3.31;367876.2072
3.32;369205.3878
3.33;370527.6953
3.34;371850.0028
3.35;373165.5483
3.36;374481.0938
3.37;375792.5821
3.38;377104.0704
3.39;378413.7555
3.4;379723.4406
3.41;381026.8526
3.42;382330.2646
3.43;383628.2289
3.44;384926.1932
3.45;386216.9447
3.46;387507.6962
3.47;388794.6159
3.48;390081.5356
3.49;391366.087
3.5;392649.4003
3.51;393926.6278
3.52;395203.8553
3.53;396474.5462
3.54;397745.2371
3.55;399008.039
3.56;400270.4282
3.57;401529.8872
3.58;402789.7589
3.59;404045.1226
3.6;405300.4863
3.61;406549.088
3.62;407797.6897
3.63;409039.304
3.64;410282.1564
3.65;411514.9801
3.66;412747.8038
3.67;413979.0497
3.68;415210.2956
3.69;416436.1319
3.7;417661.9682
3.71;418880.3663
3.72;420098.7644
3.73;421309.537
3.74;422520.3096
3.75;423721.5773
3.76;424922.845
3.77;426124.3381
3.78;427325.8312
3.79;428521.3496
3.8;429715.6299
3.81;430902.472
3.82;432089.3141
3.83;433268.2672
3.84;434447.2203
3.85;435616.932
3.86;436786.6437
3.87;437955.003
3.88;439123.3623
3.89;440284.2834
3.9;441445.2045
3.91;442598.462
3.92;443751.7195
3.93;444896.4118
3.94;446042.3422
3.95;447177.6058
3.96;448312.8694
3.97;449446.7425
3.98;450580.6156
3.99;451706.5997
4.0;452832.5838
4.01;453950.2281
4.02;455067.8724
4.03;456176.9515
4.04;457286.0306
4.05;458386.3191
4.06;459486.6076
4.07;460584.6421
4.08;461682.6766
4.09;462773.6094
4.1;463863.3041
4.11;464944.4336
4.12;466025.5631
4.13;467097.902
4.14;468170.2409
4.15;469234.24
4.16;470298.2391
4.17;471358.8572
4.18;472419.0626
4.19;473470.7028
4.2;474522.7557
4.21;475566.018
4.22;476609.2803
4.23;477642.8504
4.24;478676.4205
4.25;479703.0032
4.26;480730.824
4.27;481752.6733
4.28;482774.5226
4.29;483787.5813
4.3;484800.64
4.31;485804.4573
4.32;486808.2746
4.33;487802.1743
4.34;488796.074
4.35;489783.4371
4.36;490770.8002
4.37;491752.3029
4.38;492733.8056
4.39;493706.2923
4.4;494678.779
4.41;495641.9862
4.42;496604.7807
4.43;497556.756
4.44;498508.7313
4.45;499456.1986
4.46;500403.6659
4.47;501343.9204
4.48;502284.1749
4.49;503215.4134
4.5;504146.6519
4.51;505067.9728
4.52;505989.2937
4.53;506898.8938
4.54;507808.4939
4.55;508715.1638
4.56;509623.0718
4.57;510521.4019
4.58;511419.732
4.59;512307.9572
4.6;513196.1824
4.61;514074.9027
4.62;514953.623
4.63;515820.3971
4.64;516687.1712
4.65;517551.6913
4.66;518416.2114
4.67;519271.2647
4.68;520126.318
4.69;520971.4537
4.7;521816.5894
4.71;522652.5948
4.72;523487.3621
4.73;524310.8594
4.74;525133.944
4.75;525954.0984
4.76;526774.6655
4.77;527585.5404
4.78;528396.4153
4.79;529197.1472
4.8;529997.8791
4.81;530787.7918
4.82;531577.7045
4.83;532357.2488
4.84;533136.7931
4.85;533912.2802
4.86;534687.3546
4.87;535452.7368
4.88;536219.7698
4.89;536975.1963
4.9;537730.6228
4.91;538475.2301
4.92;539219.8374
4.93;539954.3017
4.94;540688.766
4.95;541418.7223
4.96;542148.6786
4.97;542868.3046
4.98;543587.9306
4.99;544297.3755
5.0;545006.8204
5.01;545705.2207
5.02;546403.621
5.03;547094.2434
5.04;547783.6277
5.05;548467.377
5.06;549150.7136
5.07;549823.6818
5.08;550497.0627
5.09;551160.0752
5.1;551823.0877
5.11;552474.3794
5.12;553125.6711
5.13;553768.8484
5.14;554412.0257
5.15;555048.8918
5.16;555685.3452
5.17;556311.4302
5.18;556939.166
5.19;557554.8445
5.2;558170.523
5.21;558774.2553
5.22;559377.9876
5.23;559974.3198
5.24;560570.652
5.25;561160.1841
5.26;561749.7162
5.27;562328.4291
5.28;562907.142
5.29;563475.2611
5.3;564043.3802
5.31;564598.2388
5.32;565153.0974
5.33;565704.4226
5.34;566254.5097
5.35;566795.8062
5.36;567336.69
5.37;567866.7546
5.38;568397.2319
5.39;568916.89
5.4;569436.5481
5.41;569942.9076
5.42;570448.8544
5.43;570951.1948
5.44;571453.9479
5.45;571946.7834
5.46;572439.6189
5.47;572921.4098
5.48;573403.6134
5.49;573874.3597
5.5;574345.106
5.51;574802.7791
5.52;575260.4522
5.53;575714.557
5.54;576168.6618
5.55;576612.1347
5.56;577055.6076
5.57;577488.4867
5.58;577921.3658
5.59;578342.5622
5.6;578763.7586
5.61;579173.1961
5.62;579582.6336
5.63;579987.7885
5.64;580392.9434
5.65;580787.9172
5.66;581182.4783
5.67;581565.9948
5.68;581949.0986
5.69;582320.4816
5.7;582692.2773
5.71;583053.0284
5.72;583413.7795
5.73;583770.0226
5.74;584125.853
5.75;584470.4134
5.76;584815.3865
5.77;585149.5404
5.78;585483.2816
5.79;585805.0766
5.8;586128.5224
5.81;586440.1744
5.82;586751.8264
5.83;587058.4815
5.84;587365.1366
5.85;587660.7852
5.86;587956.4338
5.87;588240.9997
5.88;588525.5656
5.89;588797.7726
5.9;589069.9796
5.91;589333.8087
5.92;589597.6378
5.93;589854.2922
5.94;590110.9466
5.95;590358.8834
5.96;590605.1694
5.97;590839.7346
5.98;591074.7125
5.99;591297.5188
6.0;591519.9124
6.01;591734.8678
6.02;591950.2359
6.03;592158.3912
6.04;592366.1338
6.05;592562.8318
6.06;592759.9425
6.07;592946.0086
6.08;593131.662
6.09;593304.4676
6.1;593478.0986
6.11;593645.4565
6.12;593812.8144
6.13;593970.969
6.14;594129.1236
6.15;594276.8717
6.16;594424.6198
6.17;594560.2344
6.18;594695.849
6.19;594818.3904
6.2;594940.9318
6.21;595060.2795
6.22;595179.6272
6.23;595288.6446
6.24;595397.662
6.25;595495.4094
6.26;595593.1568
6.27;595681.5104
6.28;595768.2132
6.29;595841.6174
6.3;595915.0216
6.31;595985.721
6.32;596056.8331
6.33;596116.6752
6.34;596176.1046
6.35;596225.1656
6.36;596274.2266
6.37;596311.3414
6.38;596348.8689
6.39;596374.4502
6.4;596399.6188
6.41;596421.4064
6.42;596444.0194
6.43;596454.9878
6.44;596465.9562
6.45;596466.2927
6.46;596466.6292
6.47;596455.283
6.48;596443.9368
6.49;596421.0952
6.5;596398.2536
6.51;596371.3548
6.52;596344.456
6.53;596306.738
6.54;596269.02
6.55;596220.8955
6.56;596172.771
6.57;596113.3384
6.58;596053.0804
6.59;595982.9048
6.6;595912.7292
6.61;595837.8202
6.62;595762.9112
6.63;595677.183
6.64;595591.4548
6.65;595494.9074
6.66;595398.36
6.67;595289.8664
6.68;595181.7855
6.69;595065.3648
6.7;594948.5314
6.71;594825.6122
6.72;594703.5184
6.73;594570.4562
6.74;594437.394
6.75;594293.2872
6.76;594149.1804
6.77;593992.902
6.78;593836.6236
6.79;593673.5832
6.8;593510.5428
6.81;593340.515
6.82;593170.4872
6.83;592990.091
6.84;592809.6948
6.85;592618.254
6.86;592426.8132
6.87;592223.8008
6.88;592019.963
6.89;591811.3918
6.9;591602.8206
6.91;591386.135
6.92;591169.4494
6.93;590942.3954
6.94;590715.3414
6.95;590477.4682
6.96;590239.595
6.97;589988.1978
6.98;589736.8006
6.99;589483.6002
7.0;589230.3998
7.01;588967.7326
7.02;588705.0654
7.03;588431.579
7.04;588158.918
7.05;587874.6124
7.06;587590.3068
7.07;587292.9661
7.08;586995.6254
7.09;586697.5704
7.1;586399.5154
7.11;586091.092
7.12;585782.6686
7.13;585464.3276
7.14;585145.9866
7.15;584816.601
7.16;584487.2154
7.17;584146.109
7.18;583805.0026
7.19;583462.093
7.2;583119.1834
7.21;582766.1308
7.22;582413.0782
7.23;582049.8826
7.24;581686.687
7.25;581312.4468
7.26;580938.2066
7.27;580554.0488
7.28;580169.4783
7.29;579781.7522
7.3;579394.4388
7.31;578997.4332
7.32;578600.4276
7.33;578193.279
7.34;577786.1304
7.35;577367.9372
7.36;576949.744
7.37;576522.9856
7.38;576096.2272
7.39;575665.4116
7.4;575234.596
7.41;574793.6755
7.42;574352.755
7.43;573902.3296
7.44;573451.9042
7.45;572989.7961
7.46;572527.688
7.47;572059.2306
7.48;571590.7732
7.49;571117.957
7.5;570643.9027
7.51;570160.3816
7.52;569677.2732
7.53;569184.2472
7.54;568690.8085
7.55;568185.8744
7.56;567681.353
7.57;567172.3236
7.58;566663.2942
7.59;566147.9536
7.6;565632.2003
7.61;565107.2056
7.62;564582.6236
7.63;564048.124
7.64;563513.2117
7.65;562966.3532
7.66;562420.7328
7.67;561871.6203
7.68;561322.5078
7.69;560766.3698
7.7;560210.2318
7.71;559644.4397
7.72;559078.6476
7.73;558503.1252
7.74;557927.6028
7.75;557339.4961
7.76;556751.3894
7.77;556164.1843
7.78;555576.9792
7.79;554980.9454
7.8;554384.9116
7.81;553780.0872
7.82;553175.2628
7.83;552560.5208
7.84;551945.3661
7.85;551318.9414
7.86;550692.5167
7.87;550066.3174
7.88;549440.5308
7.89;548805.7282
7.9;548170.5129
7.91;547526.507
7.92;546882.5011
7.93;546228.803
7.94;545575.5176
7.95;544912.3146
7.96;544249.1116
7.97;543584.8197
7.98;542920.5278
7.99;542247.8961
8.0;541575.2644
8.01;540894.0294
8.02;540212.7944
8.03;539521.2291
8.04;538829.6638
8.05;538130.2095
8.06;537430.7552
8.07;536729.7231
8.08;536028.691
8.09;535319.3191
8.1;534609.9472
8.11;533893.0228
8.12;533174.8603
8.13;532446.7802
8.14;531718.7001
8.15;530984.5342
8.16;530250.3683
8.17;529513.4976
8.18;528776.6269
8.19;528031.4164
8.2;527286.2059
8.21;526532.6556
8.22;525779.1053
8.23;525015.1866
8.24;524251.6806
8.25;523484.3428
8.26;522717.005
8.27;521945.6481
8.28;521174.2912
8.29;520394.8199
8.3;519615.3486
8.31;518827.3121
8.32;518039.2756
8.33;517240.8707
8.34;516442.4658
8.35;515642.9339
8.36;514843.402
8.37;514038.6859
8.38;513233.9698
8.39;512421.3647
8.4;511608.7596
8.41;510787.8147
8.42;509966.8698
8.43;509135.5184
8.44;508303.7543
8.45;507473.7934
8.46;506643.4198
8.47;505806.2842
8.48;504969.5613
8.49;504125.1748
8.5;503280.7883
8.51;502428.2874
8.52;501575.7865
8.53;500712.6918
8.54;499849.5971
8.55;498989.4326
8.56;498129.2681
8.57;497261.6654
8.58;496394.4754
8.59;495519.2472
8.6;494644.019
8.61;493760.8637
8.62;492877.7084
8.63;491985.9879
8.64;491094.2674
8.65;490204.5755
8.66;489314.8836
8.67;488417.9789
8.68;487521.0742
8.69;486616.544
8.7;485712.0138
8.71;484799.5565
8.72;483887.0992
8.73;482968.2926
8.74;482048.6606
8.75;481130.1556
8.76;480212.0633
8.77;479287.4344
8.78;478362.8055
8.79;477430.7384
8.8;476498.2586
8.81;475558.1152
8.82;474618.3845
8.83;473673.2442
8.84;472728.1039
8.85;471783.189
8.86;470837.8614
8.87;469885.7718
8.88;468934.5076
8.89;467976.0687
8.9;467017.6298
8.91;466050.213
8.92;465082.7962
8.93;464113.5381
8.94;463144.28
8.95;462173.0314
8.96;461201.7828
8.97;460224.8611
8.98;459247.9394
8.99;458263.6176
9.0;457279.2958
9.01;456287.0469
9.02;455294.798
9.03;454302.1364
9.04;453309.4748
9.05;452315.3846
9.06;451320.469
9.07;450319.4676
9.08;449318.8789
9.09;448311.7536
9.1;447304.2156
9.11;446287.2108
9.12;445270.206
9.13;444257.033
9.14;443244.2727
9.15;442227.2298
9.16;441209.7742
9.17;440186.4582
9.18;439163.5549
9.19;438134.115
9.2;437104.2624
9.21;436065.6192
9.22;435026.976
9.23;433994.1551
9.24;432961.3342
9.25;431922.691
9.26;430884.0478
9.27;429839.7696
9.28;428795.4914
9.29;427744.902
9.3;426694.3126
9.31;425636.9231
9.32;424579.5336
9.33;423526.4648
9.34;422473.396
9.35;421415.143
9.36;420356.89
9.37;419293.4528
9.38;418230.4283
9.39;417160.8672
9.4;416090.8934
9.41;415015.7354
9.42;413940.5774
9.43;412869.4766
9.44;411798.3758
9.45;410722.3162
9.46;409646.2566
9.47;408565.0128
9.48;407483.769
9.49;406396.4394
9.5;405309.1098
9.51;404218.8119
9.52;403128.514
9.53;402040.7336
9.54;400952.9532
9.55;399860.8902
9.56;398768.8272
9.57;397671.58
9.58;396574.3328
9.59;395470.549
9.6;394366.7652
9.61;393262.5306
9.62;392158.296
9.63;391055.6392
9.64;389952.9824
9.65;388846.043
9.66;387739.1036
9.67;386627.4308
9.68;385515.758
9.69;384397.3232
9.7;383278.8884
9.71;382162.7076
9.72;381046.5268
9.73;379930.5714
9.74;378814.616
9.75;377694.378
9.76;376574.14
9.77;375449.394
9.78;374324.2353
9.79;373191.8638
9.8;372059.905
9.81;370934.032
9.82;369808.159
9.83;368680.4828
9.84;367552.8066
9.85;366421.0732
9.86;365289.3398
9.87;364153.5492
9.88;363017.7586
9.89;361873.8917
9.9;360730.0248
9.91;359595.5866
9.92;358461.1484
9.93;357323.3292
9.94;356185.51
9.95;355044.0844
9.96;353902.6588
9.97;352756.9506
9.98;351610.8297
9.99;350459.2992
10.0;349308.1814
10.01;348164.3526
10.02;347021.3492
10.03;345875.1902
10.04;344729.0312
10.05;343579.7166
10.06;342430.402
10.07;341276.8048
10.08;340123.2076
10.09;338966.2294
10.1;337809.2512
10.11;336658.35246
10.12;335508.27912
10.13;334355.50098
10.14;333202.72284
10.15;332047.0145
10.16;330891.30616
10.17;329731.08982
10.18;328570.87348
10.19;327409.75554
10.2;326248.6376
10.21;325092.0372
10.22;323937.0876
10.23;322779.4332
10.24;321621.7788
10.25;320461.4196
10.26;319301.0604
10.27;318135.9678
10.28;316970.8752
10.29;315808.0366
10.3;314645.198
10.31;313484.90866
10.32;312326.27012
10.33;311165.60298
10.34;310004.93584
10.35;308841.5639
10.36;307678.19196
10.37;306509.63582
10.38;305341.07968
10.39;304178.15854
10.4;303015.2374
10.41;301852.6274
10.42;300692.4936
10.43;299530.5566
10.44;298368.6196
10.45;297203.9778
10.46;296039.336
10.47;294868.8338
10.48;293698.3316
10.49;292538.1978
10.5;291378.064
10.51;290215.59686
10.52;289055.60592
10.53;287893.81178
10.54;286732.01764
10.55;285567.7441
10.56;284403.47056
10.57;283233.78742
10.58;282064.10428
10.59;280907.04354
10.6;279749.9828
10.61;278589.4014
10.62;277431.2962
10.63;276271.8386
10.64;275112.381
10.65;273950.444
10.66;272788.507
10.67;271623.189
10.68;270457.871
10.69;269304.4992
10.7;268151.1274
10.71;266993.46986
10.72;265839.11392
10.73;264683.40558
10.74;263527.69724
10.75;262369.7349
10.76;261211.77256
10.77;260053.13402
10.78;258894.49548
10.79;257745.99994
10.8;256597.5044
10.81;255445.48186
10.82;254296.76092
10.83;253146.68758
10.84;251996.61424
10.85;250844.2869
10.86;249691.95956
10.87;248541.66082
10.88;247391.36208
10.89;246249.85394
10.9;245108.3458
10.91;243963.53606
10.92;242822.02792
10.93;241679.39278
10.94;240536.75764
10.95;239391.4177
10.96;238246.07776
10.97;237106.37282
10.98;235966.66788
10.99;234834.17574
11.0;233701.6836
11.01;232564.61366
11.02;231431.67072
11.03;230298.50238
11.04;229165.33404
11.05;228028.1085
11.06;226890.88296
11.07;225764.02582
11.08;224637.16868
11.09;223515.27034
11.1;222393.372
11.11;221267.34666
11.12;220145.44832
11.13;219023.09918
11.14;217900.75004
11.15;216773.2167
11.16;215645.68336
11.17;214534.60422
11.18;213423.52508
11.19;212313.79834
11.2;211204.0716
11.21;210090.66866
11.22;208981.39272
11.23;207871.66598
11.24;206761.93924
11.25;205648.6061
11.26;204535.27296
11.27;203438.61942
11.28;202341.96588
11.29;201246.43934
11.3;200150.9128
11.31;199050.88466
11.32;197955.80892
11.33;196860.28238
11.34;195764.75584
11.35;194668.3277
11.36;193571.89956
11.37;192490.79862
11.38;191409.69768
11.39;190329.72374
11.4;189249.7498
11.41;188165.72506
11.42;187086.65272
11.43;186006.67878
11.44;184926.70484
11.45;183848.9849
11.46;182771.26496
11.47;181707.29442
11.48;180643.32388
11.49;179581.15654
11.5;178518.9892
11.51;177452.54566
11.52;176391.05452
11.53;175328.43638
11.54;174265.81824
11.55;173209.0605
11.56;172152.30276
11.57;171107.49122
11.58;170062.67968
11.59;169019.44594
11.6;167976.2122
11.61;166927.50226
11.62;165885.39552
11.63;164841.48558
11.64;163797.57564
11.65;162764.0341
11.66;161730.49256
11.67;160706.41782
11.68;159682.34308
11.69;158660.07154
11.7;157637.8
11.71;156611.39512
11.72;155589.94264
11.73;154565.55996
11.74;153541.17728
11.75;152533.2488
11.76;151525.32032
11.77;150523.47764
11.78;149521.63496
11.79;148521.82088
11.8;147522.0068
11.81;146518.14192
11.82;145519.22944
11.83;144516.48516
11.84;143513.74088
11.85;142533.0858
11.86;141552.43072
11.87;140574.48044
11.88;139596.53016
11.89;138620.60848
11.9;137644.6868
11.91;136663.06352
11.92;135688.04344
11.93;134711.89636
11.94;133735.74928
11.95;132780.5644
11.96;131825.37952
11.97;130872.89944
11.98;129920.41936
11.99;128970.41868
12.0;128020.418
12.01;127065.09032
12.02;126115.54044
12.03;125168.01916
12.04;124220.49788
12.05;123292.361
12.06;122364.22412
12.07;121439.01744
12.08;120513.81076
12.09;119590.85808
12.1;118667.9054
12.11;117739.40032
12.12;116816.67304
12.13;115899.80616
12.14;114982.93928
12.15;114083.4282
12.16;113183.91712
12.17;112287.33624
12.18;111390.75536
12.19;110496.65388
12.2;109602.5524
12.21;108699.89532
12.22;107804.66684
12.23;106920.70836
12.24;106036.74988
12.25;105167.217
12.26;104297.68412
12.27;103431.30684
12.28;102564.92956
12.29;101700.80628
12.3;100836.683
12.31;99963.70252
12.32;99097.32524
12.33;98248.52916
12.34;97399.73308
12.35;96561.7562
12.36;95723.77932
12.37;94888.95804
12.38;94054.13676
12.39;93221.11868
12.4;92388.1006
12.41;91543.52052
12.42;90705.54364
12.43;89895.06556
12.44;89084.58748
12.45;88279.2936
12.46;87473.99972
12.47;86671.86144
12.48;85869.72316
12.49;85069.16268
12.5;84268.6022
12.51;83456.40672
12.52;82652.46524
12.53;81877.82576
12.54;81103.18628
12.55;80332.1532
12.56;79561.12012
12.57;78793.24264
12.58;78025.36516
12.59;77258.38928
12.6;76491.4134
12.61;75717.68512
12.62;74951.38544
12.63;74211.90836
12.64;73472.43128
12.65;72736.786
12.66;72001.14072
12.67;71268.42564
12.68;70535.71056
12.69;69802.99548
12.7;69070.2804
12.71;68335.77172
12.72;67608.69164
12.73;66905.95476
12.74;66203.21788
12.75;65504.0874
12.76;64804.95692
12.77;64108.30584
12.78;63411.65476
12.79;62713.87668
12.8;62016.0986
12.81;61320.96192
12.82;60634.90464
12.83;59969.80956
12.84;59304.71448
12.85;58643.0004
12.86;57981.28632
12.87;57321.82624
12.88;56662.36616
12.89;55999.29968
12.9;55336.2332
12.91;54686.16698
12.92;54043.52936
12.93;53416.89514
12.94;52790.26092
12.95;52167.0077
12.96;51543.75448
12.97;50922.07906
12.98;50300.40364
12.99;49671.51542
13.0;49042.6272
13.01;48439.07592
13.02;47842.95324
13.03;47255.84656
13.04;46668.73988
13.05;46084.5634
13.06;45500.38692
13.07;44916.66124
13.08;44332.93556
13.09;43741.32088
13.1;43149.7062
13.11;42589.35238
13.12;42038.90336
13.13;41491.83534
13.14;40944.76732
13.15;40400.4041
13.16;39856.04088
13.17;39311.22686
13.18;38766.41284
13.19;38218.66862
13.2;37670.9244
13.21;37154.29498
13.22;36645.09416
13.23;36139.04894
13.24;35633.00372
13.25;35128.7617
13.26;34624.51968
13.27;34118.47446
13.28;33612.42924
13.29;33109.76502
13.3;32607.1008
13.31;32131.42752
13.32;31664.00824
13.33;31199.29376
13.34;30734.57928
13.35;30270.9918
13.36;29807.40432
13.37;29339.75964
13.38;28872.11496
13.39;28416.64188
13.4;27961.1688
13.41;27524.94372
13.42;27099.44884
13.43;26675.98256
13.44;26252.51628
13.45;25829.2754
13.46;25406.03452
13.47;24975.35544
13.48;24544.67636
13.49;24138.34048
13.5;23732.0046
13.51;23339.35472
13.52;22955.78424
13.53;22574.01696
13.54;22192.24968
13.55;21809.3554
13.56;21426.46112
13.57;21030.94444
13.58;20635.42776
13.59;20281.15928
13.6;19926.8908
13.61;19576.16532
13.62;19234.51924
13.63;18893.77476
13.64;18553.03028
13.65;18210.0318
13.66;17867.03332
13.67;17507.35524
13.68;17147.67716
13.69;16845.25068
13.7;16542.8242
13.71;16233.12152
13.72;15932.49824
13.73;15632.10036
13.74;15331.70248
13.75;15027.6982
13.76;14723.69392
13.77;14410.44824
13.78;14097.20256
13.79;13835.34808
13.8;13573.4936
13.81;13301.21052
13.82;13040.48304
13.83;12779.30476
13.84;12518.12648
13.85;12251.3132
13.86;11984.49992
13.87;11717.91204
13.88;11451.32416
13.89;11228.01308
13.9;11004.702
13.91;10772.90518
13.92;10550.18776
13.93;10326.34334
13.94;10102.49892
13.95;9870.99090001
13.96;9639.48288001
13.97;9418.34326001
13.98;9197.20364001
13.99;9010.09942
14.0;8822.9952
14.01;8626.81158
14.02;8439.70736
14.03;8250.57454
14.04;8061.44172
14.05;7862.84210001
14.06;7664.24248001
14.07;7487.05586
14.08;7309.86924
14.09;7155.67342
14.1;7001.4776
14.11;6836.10078
14.12;6681.45416
14.13;6524.55354
14.14;6367.65292
14.15;6197.9045
14.16;6028.15608
14.17;5892.44306
14.18;5756.73004
14.19;5631.61082
14.2;5506.4916
14.21;5371.84218
14.22;5246.27216
14.23;5117.77194
14.24;4989.27172
14.25;4846.1205
14.26;4702.96928
14.27;4603.09486
14.28;4503.22044
14.29;4403.34602
14.3;4303.4716
14.31;4194.06698
14.32;4093.74176
14.33;3990.03554
14.34;3886.32932
14.35;3775.4103
14.36;3664.49128
14.37;3586.25526
14.38;3508.01924
14.39;3429.55782
14.4;3351.0964
14.41;3259.66032
14.42;3180.60524
14.43;3098.16916
14.44;3015.73308
14.45;2932.3954
14.46;2849.05772
14.47;2788.48544
14.48;2727.91316
14.49;2667.11548
14.5;2606.3178
14.51;2534.63118
14.52;2472.84936
14.53;2407.46114
14.54;2342.07292
14.55;2280.9673
14.56;2219.86168
14.57;2173.40706
14.58;2126.95244
14.59;2080.04702
14.6;2033.1416
14.61;1976.48058
14.62;1928.89896
14.63;1877.48554
14.64;1826.07212
14.65;1782.5477
14.66;1739.02328
14.67;1703.61326
14.68;1668.20324
14.69;1632.56782
14.7;1596.9324
14.71;1548.09692
14.72;1511.64244
14.73;1470.90536
14.74;1430.16828
14.75;1400.2504
14.76;1370.33252
14.77;1343.57024
14.78;1316.80796
14.79;1289.82028
14.8;1262.8326
14.81;1224.95598
14.82;1196.98416
14.83;1164.95514
14.84;1132.92612
14.85;1112.8433
14.86;1092.76048
14.87;1072.67766
14.88;1052.59484
14.89;1032.28662
14.9;1011.9784
14.91;980.863780001
14.92;959.653960001
14.93;936.640940001
14.94;913.627920001
14.95;898.7293
14.96;883.83068
14.97;868.70666
14.98;853.58264
14.99;838.23322
15.0;822.8838
15.01;795.30258
15.02;779.27696
15.03;763.02594
15.04;746.77492
15.05;735.4827
15.06;724.19048
15.07;713.12366
15.08;702.05684
15.09;690.53922
15.1;679.0216
15.11;656.92298
15.12;644.72916
15.13;633.66234
15.14;622.59552
15.15;614.2335
15.16;605.87148
15.17;597.50946
15.18;589.14744
15.19;580.78542
15.2;572.4234
15.21;553.25498
15.22;543.99136
15.23;536.30554
15.24;528.61972
15.25;522.7371
15.26;516.85448
15.27;510.74646
15.28;504.63844
15.29;498.30502
15.3;491.9716
15.31;473.40638
15.32;466.39676
15.33;461.41574
15.34;456.43472
15.35;452.1299
15.36;447.82508
15.37;443.52026
15.38;439.21544
15.39;434.68522
15.4;430.155
15.41;415.04378
15.42;409.83736
15.43;406.65954
15.44;403.48172
15.45;400.5293
15.46;397.57688
15.47;394.39906
15.48;391.22124
15.49;387.81802
15.5;384.4148
15.51;371.93218
15.52;368.52896
15.53;366.25274
15.54;363.97652
15.55;361.7003
15.56;359.42408
15.57;357.37326
15.58;355.32244
15.59;352.82082
15.6;350.3192
15.61;335.66198
15.62;333.38576
15.63;331.78574
15.64;330.18572
15.65;328.5857
15.66;326.98568
15.67;325.38566
15.68;323.78564
15.69;322.18562
15.7;320.5856
15.71;309.90618
15.72;308.30616
15.73;307.15694
15.74;306.00772
15.75;304.8585
15.76;303.70928
15.77;302.56006
15.78;301.41084
15.79;300.26162
15.8;299.1124
15.81;288.28378
15.82;287.35996
15.83;286.43614
15.84;285.51232
15.85;284.8139
15.86;284.11548
15.87;283.19166
15.88;282.26784
15.89;281.34402
15.9;280.4202
15.91;268.39158
15.92;267.91856
15.93;267.22014
15.94;266.52172
15.95;266.0487
15.96;265.57568
15.97;264.87726
15.98;264.17884
15.99;263.70582
16.0;263.2328
16.01;253.68038
16.02;253.20736
16.03;252.73434
16.04;252.26132
16.05;251.7883
16.06;251.31528
16.07;250.84226
16.08;250.36924
16.09;249.89622
16.1;249.4232
16.11;240.09618
16.12;239.84856
16.13;239.37554
16.14;238.90252
16.15;238.6549
16.16;238.40728
16.17;237.93426
16.18;237.46124
16.19;237.21362
16.2;236.966
16.21;225.16278
16.22;224.91516
16.23;224.44214
16.24;223.96912
16.25;223.7215
16.26;223.47388
16.27;223.22626
16.28;222.97864
16.29;222.73102
16.3;222.4834
16.31;213.15638
16.32;212.90876
16.33;212.66114
16.34;212.41352
16.35;211.9405
16.36;211.46748
16.37;211.21986
16.38;210.97224
16.39;210.72462
16.4;210.477
16.41;201.23252
16.42;201.06744
16.43;200.90236
16.44;200.73728
16.45;200.5722
16.46;200.40712
16.47;200.24204
16.48;200.07696
16.49;199.91188
16.5;199.7468
16.51;188.02612
16.52;187.86104
16.53;187.69596
16.54;187.53088
16.55;187.3658
16.56;187.20072
16.57;187.03564
16.58;186.87056
16.59;186.70548
16.6;186.5404
16.61;177.29592
16.62;177.13084
16.63;176.96576
16.64;176.80068
16.65;176.6356
16.66;176.47052
16.67;176.30544
16.68;176.14036
16.69;175.97528
16.7;175.8102
16.71;166.56572
16.72;166.40064
16.73;166.23556
16.74;166.07048
16.75;165.9054
16.76;165.74032
16.77;165.57524
16.78;165.41016
16.79;165.24508
16.8;165.08
16.81;154.10218
16.82;153.85456
16.83;153.60694
16.84;153.35932
16.85;153.1117
16.86;152.86408
16.87;152.61646
16.88;152.36884
16.89;152.12122
16.9;151.8736
16.91;143.45452
16.92;143.28944
16.93;143.12436
16.94;142.95928
16.95;142.7942
16.96;142.62912
16.97;142.46404
16.98;142.29896
16.99;142.13388
17.0;141.9688
17.01;133.54972
17.02;133.38464
17.03;133.21956
17.04;133.05448
17.05;132.8894
17.06;132.72432
17.07;132.55924
17.08;132.39416
17.09;132.22908
17.1;132.064
17.11;123.64492
17.12;123.47984
17.13;123.31476
17.14;123.14968
17.15;122.9846
17.16;122.81952
17.17;122.65444
17.18;122.48936
17.19;122.32428
17.2;122.1592
17.21;112.08932
17.22;111.92424
17.23;111.75916
17.24;111.59408
17.25;111.429
17.26;111.26392
17.27;111.09884
17.28;110.93376
17.29;110.76868
17.3;110.6036
17.31;103.00992
17.32;102.84484
17.33;102.67976
17.34;102.51468
17.35;102.3496
17.36;102.18452
17.37;102.01944
17.38;101.85436
17.39;101.68928
17.4;101.5242
17.41;93.93052
17.42;93.76544
17.43;93.60036
17.44;93.43528
17.45;93.2702
17.46;93.10512
17.47;92.94004
17.48;92.77496
17.49;92.60988
17.5;92.4448
17.51;83.233336
17.52;83.101272
17.53;82.969208
17.54;82.837144
17.55;82.70508
17.56;82.573016
17.57;82.440952
17.58;82.308888
17.59;82.176824
17.6;82.04476
17.61;75.19394
17.62;75.02886
17.63;74.86378
17.64;74.6987
17.65;74.53362
17.66;74.36854
17.67;74.20346
17.68;74.03838
17.69;73.8733
17.7;73.70822
17.71;67.113274
17.72;66.956448
17.73;66.799622
17.74;66.642796
17.75;66.48597
17.76;66.329144
17.77;66.172318
17.78;66.015492
17.79;65.858666
17.8;65.70184
17.81;57.959588
17.82;57.811016
17.83;57.662444
17.84;57.513872
17.85;57.3653
17.86;57.216728
17.87;57.068156
17.88;56.919584
17.89;56.771012
17.9;56.62244
17.91;50.621782
17.92;50.481464
17.93;50.341146
17.94;50.200828
17.95;50.06051
17.96;49.920192
17.97;49.779874
17.98;49.639556
17.99;49.499238
18.0;43.82874
18.01;43.696676
18.02;43.564612
18.03;43.432548
18.04;43.300484
18.05;43.16842
18.06;43.036356
18.07;42.904292
18.08;42.772228
18.09;42.640164
18.1;36.06998
18.11;35.94617
18.12;35.82236
18.13;35.69855
18.14;35.57474
18.15;35.45093
18.16;35.32712
18.17;35.20331
18.18;35.0795
18.19;34.95569
18.2;29.96202
18.21;29.846464
18.22;29.730908
18.23;29.615352
18.24;29.499796
18.25;29.38424
18.26;29.268684
18.27;29.153128
18.28;29.037572
18.29;28.922016
18.3;24.26676
18.31;24.159458
18.32;24.052156
18.33;23.944854
18.34;23.837552
18.35;23.73025
18.36;23.622948
18.37;23.515646
18.38;23.408344
18.39;23.301042
18.4;17.99372
18.41;17.894672
18.42;17.795624
18.43;17.696576
18.44;17.597528
18.45;17.49848
18.46;17.399432
18.47;17.300384
18.48;17.201336
18.49;17.102288
18.5;13.2064
18.51;13.115606
18.52;13.024812
18.53;12.934018
18.54;12.843224
18.55;12.75243
18.56;12.661636
18.57;12.570842
18.58;12.480048
18.59;12.389254
18.6;8.74924
18.61;8.6592714
18.62;8.5693028
18.63;8.4793342
18.64;8.3893656
18.65;8.299397
18.66;8.2094284
18.67;8.1194598
18.68;8.0294912
18.69;7.9395226
18.7;3.293346
18.71;3.1761392
18.72;3.0589324
18.73;2.9417256
18.74;2.8245188
18.75;2.707312
18.76;2.5901052
18.77;2.4728984
18.78;2.3556916
18.79;2.2384848
18.8;0.0
18.81;0.0
18.82;0.0
18.83;0.0
18.84;0.0
18.85;0.0
18.86;0.0
18.87;0.0
18.88;0.0
18.89;0.0
18.9;0.0
18.91;0.0
18.92;0.0
18.93;0.0
18.94;0.0
18.95;0.0
18.96;0.0
18.97;0.0
18.98;0.0
18.99;0.0
19.0;0.0
19.01;0.0
19.02;0.0
19.03;0.0
19.04;0.0
19.05;0.0
19.06;0.0
19.07;0.0
19.08;0.0
19.09;0.0
19.1;0.0
19.11;0.0
19.12;0.0
19.13;0.0
19.14;0.0
19.15;0.0
19.16;0.0
19.17;0.0
19.18;0.0
19.19;0.0
19.2;0.0
19.21;0.0
19.22;0.0
19.23;0.0
19.24;0.0
19.25;0.0
19.26;0.0
19.27;0.0
19.28;0.0
19.29;0.0
19.3;0.0
19.31;0.0
19.32;0.0
19.33;0.0
19.34;0.0
19.35;0.0
19.36;0.0
19.37;0.0
19.38;0.0
19.39;0.0
19.4;0.0
19.41;0.0
19.42;0.0
19.43;0.0
19.44;0.0
19.45;0.0
19.46;0.0
19.47;0.0
19.48;0.0
19.49;0.0
19.5;0.0
19.51;0.0
19.52;0.0
19.53;0.0
19.54;0.0
19.55;0.0
19.56;0.0
19.57;0.0
19.58;0.0
19.59;0.0
19.6;0.0
19.61;0.0
19.62;0.0
19.63;0.0
19.64;0.0
19.65;0.0
19.66;0.0
19.67;0.0
19.68;0.0
19.69;0.0
19.7;0.0
19.71;0.0
19.72;0.0
19.73;0.0
19.74;0.0
19.75;0.0
19.76;0.0
19.77;0.0
19.78;0.0
19.79;0.0
19.8;0.0
19.81;0.0
19.82;0.0
19.83;0.0
19.84;0.0
19.85;0.0
19.86;0.0
19.87;0.0
19.88;0.0
19.89;0.0
19.9;0.0
19.91;0.0
19.92;0.0
19.93;0.0
19.94;0.0
19.95;0.0
19.96;0.0
19.97;0.0
19.98;0.0
19.99;0.0
