-0,09086429860068823; 0,011250457029212235
-0,06559684257869541; 0,012733894605567286
-0,062438410575946346; 0,02926582502411268
-0,0561215465704481; 0,033770282301800236
-0,05296311456769903; 0,0518053392234723
-0,04980468256494991; 0,0683372696420168
-0,04664625056220084; 0,09539108558244802
-0,040329386556702596; 0,09688928985388223
-0,03717095455395353; 0,17054002739123497
-0,034012522551204405; 0,26523453597235847
-0,027695658545706214; 0,4035172520283039
-0,022958010541582585; 0,6417591111000851
-0,016641146536084395; 0,9438826159968192
-0,013482714533335272; 1,1738585098593282
-0,010324282530586149; 1,28208115696859
0,001356880127192317; 1,281658808145357
0,004251157728988375; 1,281656552864109
0,006731967101956449; 1,2084549562946014
0,010039712932580491; 1,2084523788303176
0,013347458763204534; 0,9794056930848862
0,017482141051484656; 0,7873517412868347
0,022030291568592708; 0,583491069971668
0,0269919103145288; 0,4142621753200997
0,030299656145152898; 0,4142595978558159
0,033193933746948956; 0,34105767910327334
0,03774208426405701; 0,24896423588406158
0,042290234781165115; 0,2009480093787479
0,04642491706944518; 0,171822340790996
0,05055959935772525; 0,2009415657180389
0,055107749874833356; 0,22927337530643932
0,0584154957054574; 0,22927079784215554
0,06172324153608144; 0,29617113860432376
0,06627139205318955; 0,4370572694442867
0,07040607434146962; 0,5291439468197536
0,07495422485857772; 0,6188690225453692
0,07826197068920177; 0,6188664450810855
0,08156971651982586; 0,6952119037105184
0,08653133526576196; 0,6952080375140923
0,089839081096386; 0,6952054600498094
0,09314682692701004; 0,6345967096039162
0,09769497744411815; 0,5676902473640739
0,10182965973239821; 0,4811067784171348
0,10637781024950632; 0,4212841545777417
0,10968555608013036; 0,42128157711345793
0,11299330191075446; 0,39530492551419805
0,11754145242786251; 0,39530138150080774
0,12208960294497062; 0,3575173660183637
0,12539734877559472; 0,3575147885540799
0,12829162637739078; 0,25833879566656215
0,13283977689449877; 0,2361654611036217
0,13738792741160688; 0,1914287894133304
0,141936077928715; 0,12137395455106681
0,14524382375933909; 0,12137137708678303
0,14689769667465102; 0,08909926897482379
0,15020544250527512; 0,09539343675538259
0,15516706125121127; 0,09538957055895736
0,15847480708183526; 0,09538699309467358
0,16178255291245935; 0,06075231678375559
0,1667441716583955; 0,06074845058733036
0,1700519174890195; 0,06074587312304658
0,17294619509081555; 0,05759524521937731
0,1770808773790956; 0,04106306712131147
0,18162902789620372; 0,028466032618235992
0,18493677372682782; 0,0284634551539531
0,1882445195574518; 0,01586738719998415
0,19320613830338795; 0,012715148381137631
0,19734082059166802; 0,012711926550783126
0,2014755028799481; 0,022153822587692495
0,20643712162588423; 0,02214995639126638
0,20974486745650822; 0,022147378926983485
0,21263914505830428; 0,009551633156049455
0,2171872955754124; 0,015844834387502615
0,22214891432134853; 0,015840968191077387
0,22545666015197252; 0,015838390726793605
0,22711053306728457; 0,009540356749808687
0,23041827889790867; 0,02213126977521096
0,23372602472853277; 0,022128692310927178
0,23662030233032882; 0,03157155489694308
0,24116845284743682; 0,051245339773685394
0,24571660336454493; 0,07642877673966542
0,25026475388165303; 0,08272197797111858
0,25357249971227713; 0,0827194005068348
0,2564667773140732; 0,0921622630928507
0,2610149278311812; 0,10855649315457061
0,26597654657711733; 0,10868380915074649
0,26928429240774143; 0,10868123168646271
0,2725920382383654; 0,09529807057688888
0,27755365698430157; 0,09529420438046365
0,28086140281492566; 0,09529162691617987
0,2837556804167216; 0,06380564541071898
0,2883038309338297; 0,057505356152486975
0,29326544967976587; 0,05750148995606086
0,2982270684257019; 0,05749762375963563
0,30112134602749796; 0,057495368478387654
0,3036021554004661; 0,04096447911246326
0,30773683768874616; 0,03466451203726617
0,31228498820585415; 0,044106085891139735
0,3172466069517903; 0,044102219694714506
0,3205543527824144; 0,044099642230430725
0,3238620986130384; 0,04094869214372654
0,32799678090131845; 0,040945470313372034
0,3317179949607706; 0,05747152693376467
0,3362661454778787; 0,07307866383987971
0,3408142959949867; 0,11114419211926663
0,3453624465120948; 0,2070085944586051
0,3486701923427189; 0,2070060169943213
0,351977938173343; 0,22904204788698568
0,35693955691927903; 0,2676057463152217
0,3619011756652152; 0,2676018801187965
0,36479545326701124; 0,2675996248375485
0,3676897308688073; 0,2550038790666145
0,3722378813859153; 0,24555521718596118
0,3767860319030234; 0,21642922641517348
0,3800937777336475; 0,2164266489508897
0,38298805533544356; 0,1786439222005871
0,38753620585255166; 0,15896304929706417
0,39208435636965966; 0,11803066119219796
0,39663250688676777; 0,09205304304383244
0,39994025271739186; 0,09205046557954955
0,40324799854801596; 0,0794543976255806
0,40779614906512396; 0,06685736312250512
0,41234429958223207; 0,0637054464866944
0,41647898187051213; 0,0637022246563399
0,4206136641587922; 0,06999574807082798
0,42557528290472835; 0,08888211760892961
0,4305369016506645; 0,08887825141250438
0,43343117925246044; 0,08887599613125641
0,43591198862542857; 0,09517080827788593
0,4404601391425367; 0,15577343724610593
0,44376788497316066; 0,15577085978182215
0,44707563080378476; 0,2390689746191006
0,45162378132089287; 0,3312865120041337
0,45575846360917294; 0,4240028639040858
0,46030661412628104; 0,4713823278581355
0,46361435995690503; 0,4713797503938517
0,46692210578752913; 0,506796364931807
0,47147025630463724; 0,5548055034103418
0,47601840682174534; 0,5831373129987432
0,4809800255676814; 0,5831334468023179
0,4842877713983055; 0,5831308693380342
0,48718204900010154; 0,5736834961895223
0,4913167312883816; 0,6311380747183559
0,4958648818054897; 0,6594698843067572
0,5008265005514257; 0,659466018110332
0,5041342463820498; 0,6594634406460482
0,5074419922126739; 0,5609430365384993
0,51240361095861; 0,5413930236445417
0,5157113567892341; 0,5413904461802588
0,5186056343910301; 0,433556428581082
0,5227403166793102; 0,3666502885242755
0,5272884671964183; 0,3343759251310674
0,5322500859423543; 0,3280753136897996
0,5372117046882905; 0,32807144749337347
0,5401059822900866; 0,3280691922121255
0,5425867916630546; 0,31232539600180775
0,5471349421801627; 0,28005103260859876
0,5520965609260987; 0,28004716641217353
0,5554043067567228; 0,28004458894788975
0,5582985843585189; 0,22573290592987494
0,5624332666467989; 0,19109758525288711
0,566981417163907; 0,13048786825788738
0,5719430359098431; 0,08876806481438049
0,5752507817404672; 0,0887654873500967
0,5781450593422632; 0,08246648682400615
0,5826932098593713; 0,06973827012832956
0,5872413603764794; 0,05412404519543479
0,5913760426647595; 0,047036984964631934
0,5959241931818676; 0,060414024596532556
0,5992319390124916; 0,060411447132248774
0,6021262166142877; 0,07300268234068596
0,6066743671313958; 0,10828714813693452
0,6112225176485039; 0,13360176729551565
0,615770668165612; 0,1524884590166531
0,619078413996236; 0,1524858815523702
0,621972691598032; 0,17845770040609654
0,6265208421151401; 0,187899274259971
0,6314824608610762; 0,18789540806354577
0,6364440796070124; 0,18789154186711965
0,6397518254376363; 0,18788896440283676
0,6426461030394325; 0,1556158897417701
0,6471942535565406; 0,12098024688174647
0,6505019993871647; 0,12097766941746269
0,6538097452177886; 0,0918526451957824
0,6583578957348967; 0,09184910118239298
0,6624925780231768; 0,0824007614847746
0,667040728540285; 0,06980372698169912
0,670348474370909; 0,06980114951741534
0,6736562202015329; 0,06350182680828897
0,6786178389474692; 0,06349796061186375
0,6827525212357491; 0,06349473878150924
0,6868872035240293; 0,060343144328733445
0,6901949493546534; 0,06034056686444966
0,6935026951852775; 0,05391006196272308
0,6984643139312136; 0,05088900533647678
0,7025989962194935; 0,05088578350612227
0,7063202102789458; 0,04065067283593482
0,7108683607960536; 0,046943874067386204
0,7158299795419899; 0,06032059151625191
0,719137725372614; 0,06031801405196813
0,72203200297441; 0,06661250401556273
0,7261666852626901; 0,09494463578699985
0,730714835779798; 0,13036028377584952
0,7356764545257343; 0,15239502593637244
0,7406380732716703; 0,1523911597399472
0,7455996920176063; 0,15238729354352198
0,7505613107635426; 0,15238342734709676
0,7555229295094786; 0,16182467901793451
0,7604845482554147; 0,1618208128215084
0,7654461670013507; 0,16181694662508317
0,770407785747287; 0,16181308042865794
0,774128999806739; 0,16181018078133924
0,777850213866191; 0,17125239900128353
0,7828118326121271; 0,1712485328048583
0,7857061102139232; 0,17124627752361032
0,7886003878157192; 0,1492054138854142
0,7931485383328273; 0,13346000675991743
0,7972832206211075; 0,10118596554974424
0,8018313711382156; 0,07914381317940578
0,8051391169688394; 0,07914123571512288
0,8084468627994635; 0,06654516776115393
0,8129950133165716; 0,05709650588049975
0,8175431638336798; 0,053813407052087925
0,8216778461219599; 0,0342640385242019
0,8258125284102399; 0,046854307183531674
0,8307741471561759; 0,0570826520099752
0,8340818929868; 0,057080074545692305
0,8369761705885962; 0,10115503597834063
0,8415243211057043; 0,15860929232413934
0,8460724716228124; 0,22550866653720103
0,8506206221399203; 0,2286534951462329
0,8539283679705444; 0,22865091768194912
0,8568226455723406; 0,29555158062715314
0,8613707960894487; 0,31207699288147506
0,8663324148353847; 0,31207312668504983
0,8696401606660088; 0,31207054922076605
0,8725344382678047; 0,2994748034498329
0,8770825887849129; 0,24201345907725447
0,8820442075308489; 0,20973877350101144
0,885351953361473; 0,20973619603672766
0,8882462309632692; 0,18769533239853065
0,8923809132515491; 0,130234310208988
0,8969290637686572; 0,14597262930770505
0,9014772142857653; 0,17823990467413253
0,9056118965740455; 0,20027529120072707
0,9101600470911536; 0,21286523767702104
0,9151216658370896; 0,2128613714805958
0,9184294116677137; 0,21285879401631203
0,9213236892695097; 0,23883061287004015
0,9258718397866178; 0,2545689319687572
0,9291795856172419; 0,2545663545044734
0,932487331447866; 0,28604750326440165
0,937448950193802; 0,2860436370679764
0,9407566960244261; 0,28604105960369264
0,9436509736262221; 0,28289043170002337
0,9481991241433302; 0,22542908732744493
0,9527472746604383; 0,21598042544679164
0,9572954251775464; 0,20653176356613834
0,9622570439234824; 0,2065278973697131
0,9651513215252786; 0,20652564208846513
0,9680455991270746; 0,18763315107268852
0,9725937496441827; 0,1585071603019017
0,9771419001612908; 0,1522068710436697
0,9821035189072268; 0,15220300484724447
0,984997796509023; 0,1522007495659965
1,000709589204487; 0,23562038110481254
1,0052577397215954; 0,3088165005627168
1,0085654855522193; 0,3088139230984339
1,0118732313828436; 0,34016388966576105
1,0164213818999515; 0,3624875548330424
1,0209695324170598; 0,39459741156834927
1,0259311511629958; 0,42371599212932054
1,0292388969936197; 0,42371341466503765
1,0321331745954159; 0,4843173323653982
1,036267856883696; 0,5480686561390744
1,040816007400804; 0,6149680303521361
1,04577762614674; 0,7424732553637723
1,0490853719773643; 0,7424706778994885
1,05197964957916; 0,8636807685814594
1,0565278000962683; 0,962063869018734
1,0614894188422044; 0,9620600028223087
1,0647971646728283; 0,962057425358025
1,0676914422746244; 0,8825587613606398
1,0722395927917328; 0,7328763355896379
1,0772012115376688; 0,6212364234898589
1,0805089573682927; 0,6212338460255751
1,0834032349700888; 0,49687087215868697
1,087537917258369; 0,3851004222323775
1,092086067775477; 0,3024520968804296
1,0953938136061012; 0,30244951941614673
1,098701559436725; 0,2512858868375174
1,103249709953833; 0,20012128770978155
1,1073843922421132; 0,18752457538974188
1,1115190745303933; 0,1812246083145448
1,1160672250475012; 0,20011130003568312
1,1210288437934377; 0,22844278744104773
1,1243365896240616; 0,22844020997676484
1,1276443354546855; 0,241818216157772
1,1321924859717938; 0,24181467214438168
1,136327168260074; 0,2992692506732153
1,1408753187771818; 0,3598718796414353
1,1458369375231179; 0,3598680134450092
1,14955815158257; 0,3630134864201118
1,1510466372063508; 0,36175297751221436
1,15576017501499; 0,36222156051897425
1,1594813890744424; 0,36221866087165555
1,1627891349050663; 0,343325847672844
1,1673372854221742; 0,33387718579218983
1,1722989041681107; 0,2543769108796283
1,1756066499987345; 0,25437433341534454
1,1785009276005307; 0,2417785876444114
1,1826356098888104; 0,2095045464342391
1,1871837604059188; 0,18746239406389975
1,1921453791518548; 0,15833608111007713
1,196280061440135; 0,15833285927972263
1,2004147437284152; 0,1614780100717894
1,203722489559039; 0,16147543260750563
1,207030235389663; 0,17485343878851367
1,2115783859067712; 0,1968885031320724
1,2157130681950514; 0,21892388965866605
1,2202612187121593; 0,257487910269937
1,2235689645427836; 0,2574853328056541
1,2268767103734075; 0,3086438104557159
1,2318383291193435; 0,30863994425929064
1,2351460749499679; 0,30863736679500686
1,2384538207805917; 0,26062210683879883
1,2430019712976996; 0,24172832709088077
1,2471366535859798; 0,21889940374797145
1,2516848041030881; 0,19685725137763388
1,254992549933712; 0,1968546739133501
1,2583002957643359; 0,15198778657956336
1,2628484462814442; 0,11042572395021288
1,267396596798552; 0,09767127081601679
1,2723582155444886; 0,09766740461959156
1,2752524931462843; 0,09766514933834358
1,2781467707480805; 0,09451452143467343
1,2826949212651884; 0,094510977421284
1,2868296035534685; 0,11418508448106213
1,2913777540705769; 0,13307177620219957
1,296339372816513; 0,13306791000577434
1,2996471186471368; 0,13306533254149056
1,302541396248933; 0,1236179593929787
1,3066760785372131; 0,14880171854199453
1,311224229054321; 0,1550949197734468
1,316185847800257; 0,15509105357702158
1,3194935936308814; 0,1550884761127378
1,322387871232677; 0,1936537854561502
1,3265225535209573; 0,228282662472429
1,3310707040380656; 0,30541424770836123
1,3360323227840016; 0,42032598223031137
1,3393400686146255; 0,4203234047660285
1,3426478144452498; 0,4872237455281967
1,3467824967335296; 0,4872205236978422
1,3509171790218097; 0,5092559102244358
1,3558787977677458; 0,5092520440280106
1,35918654359837; 0,5092494665637268
1,3620808212001663; 0,4643829014129759
1,3666289717172742; 0,3943280665507123
1,3703501857767262; 0,3943251669033936
1,37365793160735; 0,3242712985902374
1,3777926138956302; 0,2510684132885883
1,3823407644127386; 0,23847137878551283
1,3873023831586746; 0,19989994796442723
1,3906101289892985; 0,19989737050014345
1,3935044065910946; 0,17077266846149808
1,3976390888793748; 0,1581759561414584
1,4021872393964827; 0,1518756668832264
1,4071488581424187; 0,11015586343971862
1,410456603973043; 0,11054683255323816
1,4133508815748392; 0,10385428544934427
1,4178990320919471; 0,09125725094627057
1,4228606508378832; 0,09125338474984446
1,4269953331261633; 0,09125016291948995
1,4311300154144435; 0,12981450571379582
1,4344377612450674; 0,12981192824951293
1,4373320388468636; 0,1612933991924761
1,4418801893639714; 0,1809671840692202
1,4464283398810798; 0,20300224841277892
1,4509764903981877; 0,24471464164647116
1,454284236228812; 0,24471206418218738
1,4571785138306077; 0,26360004463546716
1,461726664347716; 0,2950802268462889
1,466688283093652; 0,29507636064986364
1,469996028924276; 0,29507378318557986
1,4728903065260721; 0,27618129216980414
1,4774384570431804; 0,26988100291157124
1,4824000757891165; 0,21556770897837918
1,4857078216197404; 0,2155651315140954
1,4886020992215365; 0,1581050758736593
1,4931502497386444; 0,13606292350332083
1,4981118684845804; 0,10378823792707692
1,503073487230517; 0,10378437173065169
1,5059677648323126; 0,10378211644940372
1,5084485742052807; 0,09433506548392767
1,512996724722389; 0,09118314884811696
1,5175448752394969; 0,08173448696746277
1,5220930257566052; 0,11715013495631155
1,526227708044885; 0,11714691312595704
1,5303623903331651; 0,132885554407709
1,5336701361637894; 0,1328829769434261
1,5369778819944133; 0,14862226259124878
1,5419395007403494; 0,18403758839706263
1,5469011194862854; 0,18403372220063652
1,5497953970880816; 0,18403146691938854
1,5522762064610496; 0,16750057755346415
1,556824356978158; 0,17772924456294348
1,5613725074952658; 0,17772570054955317
1,5659206580123741; 0,1966123922706915
1,5708822767583102; 0,19660852607426627
1,574190022588934; 0,19660594860998248
1,5770843001907302; 0,18401020283904934
1,581632450707838; 0,15488421206826253
1,5849401965384624; 0,15488163460397875
1,5882479423690863; 0,12654370353790334
1,5927960928861946; 0,12654015952451392
1,5969307751744743; 0,12338856507173812
1,6010654574627545; 0,13912720635349007
1,6056136079798629; 0,14542040758494235
1,6089213538104867; 0,14541783012065856
1,6122290996411106; 0,1997246803931425
1,616777250158219; 0,28551429034073106
1,6213254006753268; 0,3594975029542411
1,6262870194212629; 0,448435163341216
1,6295947652518872; 0,44843258587693224
1,632489042853683; 0,4641721937077907
1,6370371933707912; 0,5247748226760107
1,6419988121167273; 0,5247709564795846
1,6453065579473511; 0,5247683790153017
1,6482008355491473; 0,45156646026275826
1,6523355178374275; 0,4358213753202982
1,6568836683545354; 0,3397924663230594
1,6618452871004714; 0,33978860012663414
1,6651530329310957; 0,33978602266235036
1,668047310532892; 0,3366353947586811
1,6725954610499998; 0,37205104274753076
1,6775570797959358; 0,37204717655110553
1,6825186985418719; 0,3720433103546803
1,685412976143668; 0,37204105507343144
1,687893785516636; 0,3618069109523496
1,6924419360337444; 0,3657388327169864
1,6974035547796804; 0,36573496652056114
1,7007113006103043; 0,36533884247847404
1,7036055782121005; 0,3592759698990653
1,7077402605003806; 0,3334560925648562
1,7122884110174885; 0,30826556757209644
1,7172500297634246; 0,26339739150616825
1,7205577755940489; 0,2633948140418845
1,7234520531958446; 0,25079906827095133
1,728000203712953; 0,19648609652079507
1,7325483542300608; 0,1774348981417555
1,736683036518341; 0,16420851129723157
1,7412311870354493; 0,19332741404123954
1,7445389328660732; 0,19332483657695576
1,747846678696697; 0,20591574960235715
1,7528082974426331; 0,20591188340593192
1,7561160432732574; 0,20590930594164814
1,7590103208750536; 0,19961030541555758
1,7631450031633333; 0,1870135930955179
1,7672796854516135; 0,20904897962211244
1,7718278359687218; 0,21219380823114253
1,7763759864858297; 0,27279643719936253
1,780924137002938; 0,2987669673209483
1,784231882833562; 0,29876438985666454
1,7875396286641858; 0,33654228386143537
1,7925012474101223; 0,33653841766501014
1,7958089932407462; 0,33653584020072635
1,7987032708425423; 0,3302368396746358
1,8032514213596502; 0,3239365504164047
1,8077995718767585; 0,32393300640301437
1,8123477223938664; 0,2987424814102537
1,8156554682244903; 0,29873990394597083
1,8173093411398025; 0,25072593272190424
1,8206170869704268; 0,25387172788004175
1,8255787057163628; 0,2538678616836165
1,8288864515469867; 0,25386528421933274
1,8317807291487829; 0,27275326467261163
1,8363288796658908; 0,32705914839598904
1,8412904984118268; 0,3270552821995629
1,8445982442424511; 0,32705270473528003
1,8474925218442473; 0,2916312574517921
1,8520406723613552; 0,32075016019580005
1,8570022911072912; 0,3207462939993748
1,8598965687090874; 0,32074403871812596
1,8627908463108835; 0,27272910094495284
1,8673389968279914; 0,2349450854625088
1,8718871473450998; 0,23100607567109144
1,8751948931757236; 0,23100349820680766
1,8785026390063475; 0,22785254812010258
1,8830507895234558; 0,22784900410671316
1,887185471811736; 0,2058071739194105
1,8913201541000157; 0,22784256044600415
1,895868304617124; 0,24751634532274736
1,9008299233630601; 0,24751247912632213
1,904137669193684; 0,24750990166203835
1,9074454150243083; 0,263249187309861
1,9115800973125885; 0,2632459654795065
1,9157147796008682; 0,2663911162715733
1,9206763983468047; 0,2663872500751481
1,9239841441774286; 0,2663846726108643
1,9272918900080525; 0,21207266740981368
1,932253508753989; 0,21206880121338756
1,9355612545846128; 0,21206622374910467
1,938455532186409; 0,20261885060059281
1,9425902144746887; 0,16719643676799834
1,947138364991797; 0,1703412653770302
1,952099983737733; 0,17033739918060498
1,955407729568357; 0,1703348217163212
1,9587154753989813; 0,16088712638477354
1,9628501576872615; 0,16088390455441903
1,9665713717467135; 0,14513914179499476
1,9711195222638214; 0,14828397040402574
1,9760811410097574; 0,14828010420760052
1,9793888868403817; 0,14827752674331673
1,982283164442178; 0,18684283608672914
1,9855909102728018; 0,18998863124486665
2,0099855357736542; 0,15140205782111504
2,0137067498331063; 0,1388056676841103
2,0178414321213864; 0,11361546487438545
2,0223895826384943; 0,09708296459328469
2,0269377331556027; 0,09707942057989438
2,0310724154438824; 0,10022457137196028
2,0356205659609907; 0,1136016110038609
2,0405821847069268; 0,11359774480743567
2,0438899305375506; 0,11320162076534945
2,047197676368175; 0,10965712410084194
2,050505422198799; 0,11004809321436149
2,052159295114111; 0,1072919784376003
2,055467040944735; 0,11988289146300257
2,058774786775359; 0,11988031399871879
2,062082532605983; 0,12932285440169888
2,0666306831230914; 0,12931931038830857
2,0711788336401993; 0,1450576294870256
2,0761404523861353; 0,14505376329060038
2,0790347299879315; 0,14505150800935152
2,0819290075897277; 0,15134599797294612
2,0868906263356637; 0,1513421317765209
2,0918522450815997; 0,15133826558009567
2,0968138638275358; 0,15133439938367044
2,101775482573472; 0,1639240236769286
2,10632363309058; 0,16392047966353918
2,110871783607688; 0,16706530827257016
2,1141795294383123; 0,16706273080828637
2,117487275268936; 0,17020852596642477
2,1224488940148722; 0,17020465976999866
2,1257566398454966; 0,17020208230571576
2,1286509174472923; 0,16390308177962432
2,1327855997355725; 0,14815799683716424
2,137333750252681; 0,1575995706910378
2,1418819007697887; 0,19301521867988747
2,146016583058069; 0,224495723073745
2,1505647335751767; 0,23078892430519815
2,155526352321113; 0,23078505810877203
2,158834098151737; 0,23078248064448914
2,162141843982361; 0,2150380400680989
2,1654495898129853; 0,21503546260381512
2,168757335643609; 0,19299427678258319
2,1733054861607175; 0,1835456149019299
2,1774401684489972; 0,17016180942628445
2,1815748507372774; 0,1481199792389818
2,1861230012543857; 0,15441318047043406
2,191084620000322; 0,15755768689642924
2,1943923658309457; 0,15755510943214546
2,197286643432742; 0,16070122677331877
2,201421325721022; 0,16384637756538556
2,20596947623813; 0,19296528030939264
2,210931094984066; 0,1929614141129674
2,215892713730002; 0,19295754791654218
2,2192004595606263; 0,1929549704522584
2,2216812689335943; 0,18665629210920276
2,2258159512218745; 0,19609818814611213
2,2307775699678105; 0,1960943219496869
2,2357391887137466; 0,19609045575326167
2,2386334663155427; 0,1960882004720137
2,2415277439173384; 0,2118278083028713
2,2464893626632745; 0,23779801624142127
2,251450981409211; 0,23779415004499604
2,2543452590110067; 0,23779189476374807
2,2568260683839747; 0,20237076966329592
2,261374218901083; 0,22125746138443336
2,266335837647019; 0,22125359518800813
2,269643583477643; 0,22125101772372435
2,2729513293082673; 0,18648515922020614
2,2770860115965474; 0,17401962909276758
2,281220693884827; 0,18346152512967695
2,286182312630763; 0,18345765893325172
2,2894900584613875; 0,18345508146896794
2,2927978042920114; 0,1354398215127599
2,2973459548091197; 0,11339766914242144
2,3014806370974; 0,11654281993448823
2,306028787614508; 0,13228113903320438
2,3093365334451317; 0,1322785615689206
2,312230811046928; 0,1385730515325152
2,316778961564036; 0,15745974325365175
2,321327112081144; 0,1960237638649236
2,325875262598252; 0,2306523186981666
2,3291830084288763; 0,23064974123388282
2,3324907542595; 0,234582629547627
2,337452373005436; 0,23457876335120087
2,3407601188360605; 0,23418263930911554
2,3424139917513727; 0,23063943137674858
2,3457217375819965; 0,2629076732922835
2,3506833563279326; 0,26290380709585826
2,353991102158557; 0,2629012296315745
2,3572988479891808; 0,2306278327874729
2,3606065938198046; 0,23062525532318912
2,362260466735117; 0,19284349512199217
2,365568212565741; 0,19913766290255186
2,370529831311677; 0,19913379670612574
2,373837577142301; 0,19913121924184285
2,3771453229729254; 0,18023840604303132
2,381280005261205; 0,1802351842126768
2,3854146875494853; 0,20227057073927135
2,388722433380109; 0,20226799327498757
2,3920301792107335; 0,21171053367796677
2,3969917979566695; 0,21170666748154154
2,4002995437872934; 0,21170409001725776
2,4036072896179177; 0,20842195773795247
2,407741971906198; 0,17706619187598616
2,4118766541944776; 0,20854669626984457
2,416838272940414; 0,20854283007341934
2,420146018771038; 0,20854025260913556
2,423040296372834; 0,19594450683820241
2,427588446889942; 0,20853445331449816
2,4321365974070503; 0,20853090930110785
2,43627127969533; 0,2274179232052802
2,4408194302124384; 0,23056275181431118
2,4441271760430623; 0,2305601743500283
2,4474349218736866; 0,23764143528619286
2,4523965406196226; 0,23763756908976763
2,4557042864502465; 0,23763499162548385
2,459012032280871; 0,20536159478138227
2,4635601827979787; 0,20535805076799196
2,467694865086259; 0,1927613384479523
2,471829547374539; 0,19590648924001908
2,475964229662819; 0,22109024838903402
2,480512380179927; 0,22423507699806589
2,484233594239379; 0,2242321773507463
2,487541340070003; 0,24390692877659692
2,4916760223582832; 0,27853580579287573
2,4962241728753916; 0,3233965716489893
2,5011857916213276; 0,32339270545256404
2,5044935374519515; 0,32339012798828026
2,5073878150537476; 0,3265362453294527
2,511522497342028; 0,34542325923362593
2,5160706478591357; 0,383987279844896
2,5210322666050717; 0,3839834136484708
2,5259938853510078; 0,38397954745204554
2,528888162952804; 0,38397729217079757
2,5317824405546; 0,38712340951197
2,536744059300536; 0,38711954331554477
2,54005180513116; 0,387116965851261
2,542946082732956; 0,3296569102108249
2,5474942332500645; 0,3516919745543845
2,5524558519960006; 0,3516881083579584
2,5557635978266244; 0,3516855308936755
2,5586578754284206; 0,2942254752532385
2,562792557716701; 0,28162876293319883
2,5673407082338087; 0,25328986531801867
2,570648454064433; 0,2532872878537349
2,572715795208573; 0,24698893169371505
2,576437009268025; 0,29106324876029355
2,5797447550986488; 0,29106067129600977
2,583052500929273; 0,32647728583396507
2,5871871832175533; 0,32647406400361056
2,591321865505833; 0,3839286425324442
2,5962834842517695; 0,39022152158086154
2,5995912300823933; 0,39021894411657776
2,6024855076841895; 0,4154036698147001
2,6070336582012974; 0,4476709451811276
2,6119952769472334; 0,44766707898470237
2,6153030227778578; 0,4476645015204186
2,6181973003796535; 0,4153914268593528
2,622745450896762; 0,39020090186659306
2,627707069642698; 0,3327392353109788
2,6310148154733217; 0,3327366578466959
2,633909093075118; 0,3169925394533415
2,638043775363398; 0,2784217529983257
2,642591925880506; 0,25323122800556686
2,6471400763976143; 0,21780849198993657
2,6512747586858945; 0,2343342264272943
2,6558229092030023; 0,28155627175022335
2,6591306550336267; 0,28155369428593957
2,6624384008642505; 0,3075251909566319
2,6669865513813584; 0,31067001956566287
2,6715347018984668; 0,3295567112868003
2,676496320644403; 0,3295528450903751
2,679390598246199; 0,3295505898091262
2,6822848758479947; 0,3389934523951421
2,686833026365103; 0,3452866536265953
2,690967708653383; 0,34843180441866206
2,695515859170491; 0,36797440710280416
2,700477477916427; 0,36810172309898004
2,7037852237470514; 0,36809914563469626
2,706679501348847; 0,3452711888408935
2,7112276518659555; 0,34841601744992445
2,7161892706118915; 0,3484121512534992
2,7194970164425154; 0,34840957378921544
2,7228047622731397; 0,35549083472538
2,7277663810190758; 0,3554869685289548
2,730660658620872; 0,3554847132477068
2,733554936222668; 0,301173030229692
2,738103086739776; 0,3011694862163017
2,742651237256884; 0,29801756958049097
2,745958983087508; 0,2980149921162072
2,749266728918132; 0,29407694887389635
2,7538148794352404; 0,29407340486050604
2,75794956172352; 0,2751799472956238
2,7620842440118003; 0,3011507996002454
2,7666323945289086; 0,3200374913213837
2,7715940132748447; 0,3200336251249585
2,774488290876641; 0,3200313698437096
2,7773825684784366; 0,3452160955418311
2,7823441872243726; 0,34521222934540585
2,785651933054997; 0,34520965188112207
2,788959678885621; 0,31372334819262626
2,793507829402729; 0,31057143155681555
2,7976425116910093; 0,31371658234888233
2,802190662208117; 0,36487409344983757
2,8071522809540532; 0,36487022725341234
2,8104600267846775; 0,36486764978912856
2,8133543043864733; 0,34833643824016836
2,8174889866747534; 0,3199978628080231
2,8220371371918613; 0,30425245568252635
2,825758351251314; 0,30398719165000543
2,829479565310766; 0,28142095487533414
2,8336142475990456; 0,28141773304497963
2,8377489298873257; 0,26252427548009827
2,841883612175606; 0,2562243084049012
2,846018294463886; 0,26238664962678815
2,850979913209822; 0,26251396562296314
2,854287659040446; 0,26251138815868025
2,857181936642242; 0,23417377927563976
2,8617300871593505; 0,2562088436191994
2,8666917059052865; 0,2979209146698558
2,8716533246512226; 0,2979170484734297
2,8745476022530188; 0,2979147931921817
2,8770284116259868; 0,30106123271639085
2,8815765621430947; 0,3199479244375283
2,8865381808890307; 0,3356859213532086
2,8914997996349667; 0,3356820551567834
2,894394077236763; 0,33567979987553453
2,897288354838559; 0,34197428983912914
2,902249973584495; 0,3419704236427039
2,905557719415119; 0,34196784617842013
2,908451997016915; 0,329372100407487
2,9130001475340235; 0,42854229400036736
2,9179617662799595; 0,42853842780394213
2,9212695121105834; 0,42853585033965835
2,9229233850258955; 0,3994121148501195
2,9262311308565194; 0,4316803567656544
2,9311927496024555; 0,4316764905692292
2,93450049543308; 0,4316739131049454
2,9378082412637037; 0,42222621777339775
2,941115987094328; 0,42222364030911486
2,9440102646961237; 0,41198917400499635
2,948144946984404; 0,40254083430737797
2,952693097501512; 0,3867954271818821
2,9576547162474482; 0,38049481574061517
2,960962462078072; 0,3804922382763314
2,9638567396798683; 0,36789649250539824
2,968404890196976; 0,35831664843214295
2,973366508942912; 0,32302477242607974
2,9783281276888487; 0,3230209062296545
2,9812224052906444; 0,32301865094840565
2,9837032146636124; 0,3135715999829296
2,9882513651807208; 0,3041229381022754
2,9927995156978286; 0,304119394088886
2,997347666214937; 0,28443852118536217
3,002309284960873; 0,28443465498893694
3,005203562562669; 0,28443239970768897
3,006443967249153; 0,27498631529131856
3,008924776622121; 0,2749843821931055
3,0126459906815732; 0,2655363646785238
3,0167806729698534; 0,29386849644996005
3,0213288234869613; 0,2978004182145968
3,0262904422328973; 0,29779655201817157
3,0295981880635217; 0,2977939745538878
3,0324924656653174; 0,2718176451376637
3,0370406161824257; 0,2812592189915373
3,0420022349283617; 0,28125535279511205
3,0453099807589856; 0,28125277533082826
3,048204258360782; 0,2749537748047377
3,05275240887789; 0,24976324981197884
3,05688709116617; 0,24976002798162433
3,06102177345445; 0,2560535513961124
3,065983392200386; 0,2560496851996863
3,0692911380310104; 0,2560471077354034
3,0725988838616343; 0,24974778502627704
3,075906629692258; 0,24974520756199325
3,0792143755228825; 0,2434458848528669
3,0837625260399903; 0,2339972229722136
3,0878972083282705; 0,22376179011898945
3,092445358845379; 0,2375323763286925
3,0969935093624867; 0,24028365835992105
3,1015416598795946; 0,2528736048362168
3,104849405710219; 0,252871027371933
3,107743683312015; 0,2591655173355276
3,111878365600295; 0,28749764910696385
3,116426516117403; 0,2977263161164432
3,121388134863339; 0,29772244992001795
3,124695880693963; 0,29732632587793084
3,1275901582957593; 0,29063377877403784
3,1321383088128676; 0,2622948811588568
3,1358595228723196; 0,2622919815115381
3,1379268640164595; 0,25599362535151826
3,141234609847084; 0,26543616575449835
3,14619622859302; 0,2654322995580731
3,151157847338956; 0,2654284333616479
3,155292529627236; 0,2654252115312934
3,157773339000204; 0,24653304269855258
3,161081084830828; 0,3134333834607208
3,164388830661452; 0,3134308059964379
3,167696576492076; 0,34806032737878745
3,172658195238012; 0,3480564611823622
3,175965941068636; 0,34805388371807844
3,177619813983948; 0,33545910449625094
3,1809275598145725; 0,3606435080113384
3,1842353056451964; 0,3606409305470546
3,1875430514758203; 0,37087056410564045
3,1925046702217568; 0,3708666979092152
3,1958124160523806; 0,37086412044493144
3,198706693654177; 0,36078707277193534
3,2028413759424565; 0,3322910787086677
3,207389526459565; 0,33858427994011997
3,212351145205501; 0,33858041374369474
3,215658891036125; 0,33857783627941096
3,218966636866749; 0,28426583107836034
3,223928255612685; 0,2842619648819351
3,228889874358621; 0,2842580986855099
3,2317841519604174; 0,2842558434042619
3,2342649613333854; 0,24962181145941553
3,2388131118504933; 0,24332152220118353
3,2433612623676016; 0,24331797818779322
3,2479094128847095; 0,22993385052911197
3,2528710316306455; 0,22992998433268674
3,2557653092324417; 0,22992772905143877
3,2582461186054097; 0,22362905070838313
3,262794269122518; 0,26534144394207626
3,267755887868454; 0,26533757774565103
3,271063633699078; 0,26533500028136725
3,2743713795297023; 0,23384869659287055
3,278506061817982; 0,23384547476251605
3,282640744106262; 0,2527324886666893
3,287602362852198; 0,2747672308272122
3,2925639815981342; 0,274763364630787
3,2954582591999304; 0,2747611093495381
3,2979390685728984; 0,26846243100648337
3,3024872190900068; 0,2873491227276208
3,307448837835943; 0,2873452565311956
3,3107565836665667; 0,2873426790669118
3,312410456581879; 0,28104464508992777
3,3157182024125027; 0,29048718549290786
3,320679821158439; 0,29048331929648263
3,323987566989063; 0,29048074183219885
3,3268818445908592; 0,2715882508164231
3,331429995107967; 0,2747330794254541
3,336391613853903; 0,2747292132290289
3,3396993596845275; 0,2747266357647451
3,3430071055151513; 0,3132916229251226
3,3479687242610874; 0,31328775672869735
3,3529303430070234; 0,3132838905322721
3,3558246206088196; 0,31328163525102415
3,3587188982106158; 0,3069826347249336
3,362853580498896; 0,3069794128945791
3,3669882627871757; 0,300679445819382
3,3702960086178; 0,3006768683550982
3,373603754448424; 0,2809969620006809
3,378151904965532; 0,2778450453648693
3,382286587253812; 0,26839670566725093
3,3868347377709203; 0,2746899068987041
3,3917963565168563; 0,27468604070227887
3,39510410234748; 0,2746834632379951
3,3979983799492763; 0,26208771746706283
3,4021330622375565; 0,2715296135039713
3,4066812127546644; 0,29041630522510875
3,411642831500601; 0,2904124390286835
3,4149505773312248; 0,29040986156439974
3,4182583231618486; 0,2841105388552734
3,423219941907785; 0,28410667265884815
3,426114219509581; 0,28410441737760017
3,429008497111377; 0,2368765727600337
3,433556647628485; 0,22978919034619505
3,437691329916765; 0,2045989875364711
3,4422394804338734; 0,22033730663518725
3,4472010991798094; 0,22033344043876113
3,4505088450104333; 0,22033086297447824
3,4534031226122295; 0,2014383719587025
3,4575378049005097; 0,2077318953731906
3,4620859554176175; 0,22976695971674932
3,4670475741635536; 0,26833065814498447
3,4720091929094896; 0,26832679194855835
3,474903470511286; 0,2683245366673104
3,477797748113082; 0,24943204565153554
3,48234589863019; 0,21400930963590525
3,48648058091847; 0,23998016194052685
3,4910287314355783; 0,24627336317198
3,4959903501815144; 0,24626949697555478
3,4992980960121383; 0,246266919511271
3,5021923736139344; 0,23996791898518044
3,5067405241310423; 0,26200298332873917
3,511702142876979; 0,26199911713231394
3,5150098887076027; 0,26199653966803016
3,517904166309399; 0,2588459117643609
3,5220388485976786; 0,2682878078012694
3,5261735308859588; 0,2903231943278639
3,530721681403067; 0,30042067914474213
3,535683300149003; 0,300547995140918
3,538991045979627; 0,30054541767663423
3,5422987918102513; 0,30683958545719303
3,5472604105561873; 0,3068357192607678
3,5501546881579835; 0,3068334639795198
3,5530489657597792; 0,28400550718571704
3,5575971162768876; 0,28085359054990544
3,5617317985651678; 0,30052769760968445
3,5662799490822756; 0,3162660167084015
3,5712415678282117; 0,31626215051197537
3,574135845430008; 0,3162598952307274
3,577030123031804; 0,36728751287122385
3,58199174177774; 0,36741482886739973
3,585299487608364; 0,36741225140311595
3,5886072334389882; 0,3642613013164109
3,593155383956096; 0,36425775730302146
3,597703534473204; 0,34457688439949763
3,6026651532191405; 0,3445730182030724
3,605559430820936; 0,3445707629218244
3,6084537084227324; 0,3319750171508904
3,6134153271686684; 0,3130809152199383
3,6183769459146045; 0,3130770490235131
3,621271223516401; 0,3130747937422651
3,6225116282028846; 0,2776546351909186
3,625819374033509; 0,2933939208387413
3,630780992779445; 0,29339005464231604
3,6340887386100693; 0,29338747717803226
3,6373964844406927; 0,26504954611195775
3,640704230271317; 0,26504696864767485
3,6440119761019414; 0,24615415544886332
3,6485601266190493; 0,246150611435473
3,652694808907329; 0,22961843333740628
3,6568294911956096; 0,26188603088687046
3,6613776417127175; 0,2807727226080079
3,6663392604586535; 0,2807688564115818
3,669647006289278; 0,2807662789472989
3,6729547521199013; 0,2776153288605938
3,677089434408182; 0,2776121070302393
3,6812241166964617; 0,3035829593348609
3,6861857354423977; 0,3035790931384357
3,689493481273022; 0,3035765156741519
3,6928012271036463; 0,313019056077132
3,6977628458495824; 0,31301518988070676
3,701070591680206; 0,313012612416423
3,703964869282002; 0,30041686664548983
3,7085130197991107; 0,316155185744206
3,713474638545047; 0,31615131954778075
3,716368916146842; 0,3161490642665328
3,7192631937486382; 0,27757924436062353
3,7242248124945743; 0,25553676980724926
3,728359494782855; 0,25553354797689476
3,7324941770711346; 0,25238195352411896
3,7374557958170707; 0,25237808732769373
3,740763541647695; 0,25237550986340995
3,743657819249491; 0,22639918044718588
3,747792501537771; 0,2169508407495675
3,7523406520548788; 0,22954078722586324
3,757302270800815; 0,22953692102943712
3,760610016631439; 0,22953434356515423
3,7635042942332353; 0,2200869704166415
3,768052444750343; 0,2106383085359882
3,772600595267452; 0,2043380192777562
3,77714874578456; 0,2554955303787123
3,782110364530496; 0,2554916641822862
3,785004642132292; 0,2554894089010382
3,787898919734088; 0,24289366313010508
3,7928605384800242; 0,24288979693367985
3,7978221572259603; 0,24288593073725462
3,8027837759718963; 0,2428820645408285
3,8077453947178324; 0,24602657096682456
3,8127070134637684; 0,24602270477039934
3,8160147592943927; 0,24602012730611555
3,818909036896188; 0,239721126780025
3,8230437191844686; 0,22948569392680085
3,8275918697015765; 0,2332864334988365
3,8321400202186844; 0,2648977979022611
3,836274702506965; 0,2932299296736973
3,840822853024073; 0,30345859668317665
3,844130598854697; 0,30345601921889287
3,8474383446853206; 0,31919530486671643
3,8523999634312567; 0,3286365565375533
3,8573615821771927; 0,3286326903411281
3,860255859778989; 0,3286304350598801
3,863150137380785; 0,30973794404410526
3,867698287897893; 0,28376032589573885
3,8718329701861736; 0,27746035882054176
3,8763811207032814; 0,2869019326744162
3,8813427394492175; 0,2868980664779901
3,884650485279842; 0,2868954890137072
3,887958231110466; 0,2585575579476327
3,8912659769410896; 0,2585549804833489
3,8941602545428857; 0,24910760733483706
3,8987084050599936; 0,23965894545418287
3,9032565555771024; 0,23335865619595086
3,907391237865382; 0,261690787967388
3,91193938838249; 0,26798398919883937
3,916901007128426; 0,26798012300241414
3,9202087529590504; 0,26797754553813036
3,9235164987896747; 0,2616782228290049
3,9276511810779544; 0,2616750009986504
3,931785863366234; 0,27426526965798015
3,93674748211217; 0,2742614034615549
3,9400552279427945; 0,27425882599727114
3,9429495055445907; 0,2679598254711806
3,9470841878328704; 0,2522147405287205
3,951632338349979; 0,2585079417601728
3,956593957095915; 0,25850407556374755
3,9599017029265386; 0,25850149809946377
3,963209448757163; 0,2836859016145503
3,9673441310454436; 0,2836826797841958
3,9714788133337233; 0,2868278305762626
3,9764404320796594; 0,3096496658923913
3,9814020508255954; 0,30964579969596606
3,985536733113875; 0,30964257786561156
3,9896714154021558; 0,30963935603525705
3,9942195659192636; 0,30963581202186763
3,99711384352106; 0,2742143647383788
3,9987677164363715; 0,27421307600623734
4,000008121122856; 0,2742121094571308
