;Energy;cross sec
0;0.0;0.0
1;0.01;0.0
2;0.02;0.0
3;0.03;0.0
4;0.04;0.0
5;0.05;0.0
6;0.06;0.0
7;0.07;0.0
8;0.08;0.0
9;0.09;0.0
10;0.1;0.0
11;0.11;0.0
12;0.12;0.0
13;0.13;0.0
14;0.14;0.0
15;0.15;0.0
16;0.16;0.0
17;0.17;0.0
18;0.18;0.0
19;0.19;0.0
20;0.2;0.0
21;0.21;0.0
22;0.22;0.0
23;0.23;0.0
24;0.24;0.0
25;0.25;0.0
26;0.26;0.0
27;0.27;0.0
28;0.28;0.0
29;0.29;0.0
30;0.3;0.0
31;0.31;0.0
32;0.32;0.0
33;0.33;0.0
34;0.34;0.0
35;0.35000000000000003;0.0
36;0.36;0.0
37;0.37;0.0
38;0.38;0.0
39;0.39;0.0
40;0.4;0.0
41;0.41000000000000003;0.0
42;0.42;0.0
43;0.43;0.0
44;0.44;0.0
45;0.45;0.0
46;0.46;0.0
47;0.47000000000000003;0.0
48;0.48;0.0
49;0.49;0.0
50;0.5;0.0
51;0.51;0.0
52;0.52;0.0
53;0.53;0.0
54;0.54;0.0
55;0.55;0.0
56;0.56;0.0
57;0.5700000000000001;0.0
58;0.58;0.0
59;0.59;0.0
60;0.6;0.0
61;0.61;0.0
62;0.62;0.0
63;0.63;0.0
64;0.64;0.0
65;0.65;0.0
66;0.66;0.0
67;0.67;0.0
68;0.68;0.0
69;0.6900000000000001;0.0
70;0.7000000000000001;0.0
71;0.71;0.0
72;0.72;0.0
73;0.73;0.0
74;0.74;0.0
75;0.75;0.0
76;0.76;0.0
77;0.77;0.0
78;0.78;0.0
79;0.79;0.0
80;0.8;0.0
81;0.81;0.0
82;0.8200000000000001;0.0
83;0.8300000000000001;0.0
84;0.84;0.0
85;0.85;0.0
86;0.86;0.0
87;0.87;0.0
88;0.88;0.0
89;0.89;0.0
90;0.9;0.0
91;0.91;0.0
92;0.92;0.0
93;0.93;0.0
94;0.9400000000000001;0.0
95;0.9500000000000001;0.0
96;0.96;0.0
97;0.97;0.0
98;0.98;0.0
99;0.99;0.0
100;1.0;0.0
101;1.01;0.0
102;1.02;0.0
103;1.03;0.0
104;1.04;0.0
105;1.05;0.0
106;1.06;0.0
107;1.07;0.0
108;1.08;0.0
109;1.09;0.0
110;1.1;0.0
111;1.11;0.0
112;1.12;0.0
113;1.1300000000000001;0.0
114;1.1400000000000001;0.0
115;1.1500000000000001;0.0
116;1.16;0.0
117;1.17;0.0
118;1.18;0.0
119;1.19;0.0
120;1.2;0.0
121;1.21;0.0
122;1.22;0.0
123;1.23;0.0
124;1.24;0.0
125;1.25;0.0
126;1.26;0.0
127;1.27;0.0
128;1.28;0.0
129;1.29;0.0
130;1.3;0.0
131;1.31;0.0
132;1.32;0.0
133;1.33;0.0
134;1.34;0.0
135;1.35;0.0
136;1.36;0.0
137;1.37;0.0
138;1.3800000000000001;0.0
139;1.3900000000000001;0.0
140;1.4000000000000001;0.0
141;1.41;0.0
142;1.42;0.0
143;1.43;2.4826815903056403e-08
144;1.44;6.188176501209624e-08
145;1.45;9.893671412113608e-08
146;1.46;1.3599166323017592e-07
147;1.47;1.7304661233921575e-07
148;1.48;2.1010156144825559e-07
149;1.49;2.471565105572954e-07
150;1.5;2.842114596663353e-07
151;1.51;3.2126640877537514e-07
152;1.52;3.5832135788441494e-07
153;1.53;4.80288820107219e-07
154;1.54;6.440788634159083e-07
155;1.55;8.078689067245976e-07
156;1.56;9.71658950033287e-07
157;1.57;1.1354489933419763e-06
158;1.58;1.2992390366506656e-06
159;1.59;1.463029079959355e-06
160;1.6;1.6268191232680443e-06
161;1.61;1.7906091665767336e-06
162;1.62;1.954399209885423e-06
163;1.6300000000000001;2.237894594686036e-06
164;1.6400000000000001;2.5803493267886373e-06
165;1.6500000000000001;2.922804058891239e-06
166;1.6600000000000001;3.2652587909938404e-06
167;1.67;3.607713523096434e-06
168;1.68;3.950168255199035e-06
169;1.69;4.292622987301637e-06
170;1.7;4.635077719404238e-06
171;1.71;4.977532451506839e-06
172;1.72;5.319987183609441e-06
173;1.73;5.821212895411836e-06
174;1.74;6.4006392390066694e-06
175;1.75;6.980065582601503e-06
176;1.76;7.559491926196336e-06
177;1.77;8.13891826979117e-06
178;1.78;8.718344613386003e-06
179;1.79;9.297770956980836e-06
180;1.8;9.877197300575672e-06
181;1.81;1.0456623644170505e-05
182;1.82;1.1036049987765338e-05
183;1.83;1.1817774906076983e-05
184;1.84;1.2699139420890943e-05
185;1.85;1.3580503935704901e-05
186;1.86;1.4461868450518861e-05
187;1.87;1.534323296533282e-05
188;1.8800000000000001;1.622459748014678e-05
189;1.8900000000000001;1.710596199496074e-05
190;1.9000000000000001;1.7987326509774698e-05
191;1.9100000000000001;1.8868691024588658e-05
192;1.92;1.9750055539402598e-05
193;1.93;2.0906584246820343e-05
194;1.94;2.2198641586416075e-05
195;1.95;2.349069892601181e-05
196;1.96;2.4782756265607542e-05
197;1.97;2.6074813605203274e-05
198;1.98;2.736687094479901e-05
199;1.99;2.8658928284394742e-05
200;2.0;2.9950985623990474e-05
201;2.0100000000000002;3.124304296358623e-05
202;2.02;3.253510030318194e-05
203;2.0300000000000002;3.4215308077722584e-05
204;2.04;3.6086694424698666e-05
205;2.05;3.795808077167474e-05
206;2.06;3.98294671186509e-05
207;2.07;4.1700853465626985e-05
208;2.08;4.357223981260315e-05
209;2.09;4.544362615957923e-05
210;2.1;4.731501250655539e-05
211;2.11;4.9186398853531474e-05
212;2.12;5.105778520050764e-05
213;2.13;5.3409354900787194e-05
214;2.14;5.599743281985818e-05
215;2.15;5.858551073892905e-05
216;2.16;6.117358865800004e-05
217;2.17;6.37616665770709e-05
218;2.18;6.634974449614188e-05
219;2.19;6.893782241521275e-05
220;2.2;7.152590033428373e-05
221;2.21;7.41139782533546e-05
222;2.22;7.670205617242558e-05
223;2.23;7.987148996098047e-05
224;2.24;8.332726320763959e-05
225;2.25;8.678303645429854e-05
226;2.2600000000000002;9.023880970095765e-05
227;2.27;9.36945829476166e-05
228;2.2800000000000002;9.71503561942757e-05
229;2.29;0.00010060612944093466
230;2.3000000000000003;0.00010406190268759376
231;2.31;0.00010751767593425272
232;2.32;0.00011097344918091167
233;2.33;0.00011512034398393949
234;2.34;0.00011960764194159651
235;2.35;0.00012409493989925374
236;2.36;0.00012858223785691076
237;2.37;0.000133069535814568
238;2.38;0.00013755683377222503
239;2.39;0.00014204413172988224
240;2.4;0.00014653142968753928
241;2.41;0.00015101872764519648
242;2.42;0.00015550602560285352
243;2.43;0.00016087799492101347
244;2.44;0.00016668569789434618
245;2.45;0.00017249340086767916
246;2.46;0.00017830110384101187
247;2.47;0.00018410880681434482
248;2.48;0.00018991650978767756
249;2.49;0.0001957242127610105
250;2.5;0.00020153191573434322
251;2.5100000000000002;0.0002073396187076762
252;2.52;0.0002131473216810089
253;2.5300000000000002;0.00022014794486642609
254;2.54;0.00022773612576824256
255;2.5500000000000003;0.00023532430667005938
256;2.56;0.00024291248757187585
257;2.57;0.0002505006684736923
258;2.58;0.0002580888493755091
259;2.59;0.00026567703027732565
260;2.6;0.00027326521117914244
261;2.61;0.0002808533920809589
262;2.62;0.00028844157298277577
263;2.63;0.0002974661499073919
264;2.64;0.00030719820547010405
265;2.65;0.00031693026103281574
266;2.66;0.0003266623165955279
267;2.67;0.0003363943721582396
268;2.68;0.00034612642772095174
269;2.69;0.00035585848328366343
270;2.7;0.00036559053884637556
271;2.71;0.00037532259440908725
272;2.72;0.0003850546499717994
273;2.73;0.0003964824557946951
274;2.74;0.00040874548189499533
275;2.75;0.00042100850799529503
276;2.7600000000000002;0.00043327153409559527
277;2.77;0.00044553456019589497
278;2.7800000000000002;0.0004577975862961952
279;2.79;0.00047006061239649496
280;2.8000000000000003;0.0004823236384967952
281;2.81;0.0004945866645970949
282;2.82;0.0005068496906973946
283;2.83;0.0005210989785521765
284;2.84;0.0005363265744352846
285;2.85;0.0005515541703183933
286;2.86;0.0005667817662015014
287;2.87;0.0005820093620846101
288;2.88;0.0005972369579677181
289;2.89;0.0006124645538508269
290;2.9;0.0006276921497339349
291;2.91;0.0006429197456170436
292;2.92;0.0006581473415001517
293;2.93;0.0006759131728469476
294;2.94;0.000694929179869887
295;2.95;0.0007139451868928274
296;2.96;0.0007329611939157669
297;2.97;0.0007519772009387072
298;2.98;0.0007709932079616467
299;2.99;0.0007900092149845869
300;3.0;0.0008090252220075264
301;3.0100000000000002;0.0008280412290304667
302;3.02;0.0008470572360534062
303;3.0300000000000002;0.000869548438091811
304;3.04;0.0008937513033467864
305;3.0500000000000003;0.000917954168601763
306;3.06;0.0009421570338567385
307;3.0700000000000003;0.000966359899111715
308;3.08;0.0009905627643666903
309;3.09;0.001014765629621666
310;3.1;0.0010389684948766424
311;3.11;0.0010631713601316178
312;3.12;0.0010873742253865943
313;3.13;0.001115750486095667
314;3.14;0.001146182299789595
315;3.15;0.0011766141134835217
316;3.16;0.0012070459271774497
317;3.17;0.0012374777408713767
318;3.18;0.0012679095545653047
319;3.19;0.0012983413682592314
320;3.2;0.0013287731819531595
321;3.21;0.0013592049956470862
322;3.22;0.0013896368093410142
323;3.23;0.001425007431079329
324;3.24;0.0014628106000633889
325;3.25;0.0015006137690474469
326;3.2600000000000002;0.0015384169380315068
327;3.27;0.001576220107015565
328;3.2800000000000002;0.0016140232759996247
329;3.29;0.0016518264449836828
330;3.3000000000000003;0.0016896296139677425
331;3.31;0.0017274327829518007
332;3.3200000000000003;0.0017652359519358604
333;3.33;0.0018088169119906544
334;3.34;0.0018552436497370054
335;3.35;0.0019016703874833584
336;3.36;0.0019480971252297094
337;3.37;0.0019945238629760624
338;3.38;0.0020409506007224134
339;3.39;0.0020873773384687665
340;3.4;0.002133804076215117
341;3.41;0.0021802308139614703
342;3.42;0.0022266575517078213
343;3.43;0.0022803491459671603
344;3.44;0.0023376189531358785
345;3.45;0.0023948887603045988
346;3.46;0.002452158567473317
347;3.47;0.002509428374642037
348;3.48;0.0025666981818107553
349;3.49;0.002623967988979476
350;3.5;0.0026812377961481938
351;3.5100000000000002;0.0027385076033169145
352;3.52;0.002795777410485632
353;3.5300000000000002;0.002862733006579137
354;3.54;0.0029344592151281292
355;3.5500000000000003;0.003006185423677124
356;3.56;0.003077911632226116
357;3.5700000000000003;0.003149637840775111
358;3.58;0.003221364049324103
359;3.59;0.0032930902578730947
360;3.6;0.00336481646642209
361;3.61;0.0034365426749710815
362;3.62;0.0035082688835200767
363;3.63;0.003591559476184809
364;3.64;0.0036805459595334175
365;3.65;0.0037695324428820226
366;3.66;0.0038585189262306313
367;3.67;0.0039475054095792364
368;3.68;0.004036491892927845
369;3.69;0.00412547837627645
370;3.7;0.00421446485962506
371;3.71;0.004303451342973664
372;3.72;0.0043924378263222735
373;3.73;0.004495035541212625
374;3.74;0.004604337295519066
375;3.75;0.004713639049825502
376;3.7600000000000002;0.004822940804131942
377;3.77;0.004932242558438378
378;3.7800000000000002;0.005041544312744819
379;3.79;0.005150846067051255
380;3.8000000000000003;0.005260147821357695
381;3.81;0.005369449575664131
382;3.8200000000000003;0.005478751329970572
383;3.83;0.005603876292480087
384;3.84;0.005736794775447837
385;3.85;0.005869713258415592
386;3.86;0.006002631741383342
387;3.87;0.006135550224351098
388;3.88;0.006268468707318848
389;3.89;0.006401387190286603
390;3.9;0.006534305673254353
391;3.91;0.006667224156222108
392;3.92;0.0068001426391898585
393;3.93;0.00695262568387265
394;3.94;0.00711474500522105
395;3.95;0.007276864326569457
396;3.96;0.007438983647917857
397;3.97;0.007601102969266264
398;3.98;0.007763222290614664
399;3.99;0.007925341611963071
400;4.0;0.008087460933311471
401;4.01;0.00824958025465987
402;4.0200000000000005;0.008411699576008284
403;4.03;0.008599360304830718
404;4.04;0.008799601129871704
405;4.05;0.008999841954912689
406;4.0600000000000005;0.00920008277995369
407;4.07;0.009400323604994675
408;4.08;0.00960056443003566
409;4.09;0.009800805255076645
410;4.1;0.010001046080117629
411;4.11;0.010201286905158632
412;4.12;0.010401527730199617
413;4.13;0.010632013644024527
414;4.14;0.010877396392623615
415;4.15;0.011122779141222724
416;4.16;0.01136816188982181
417;4.17;0.011613544638420896
418;4.18;0.011858927387019984
419;4.19;0.012104310135619092
420;4.2;0.012349692884218178
421;4.21;0.012595075632817265
422;4.22;0.012840458381416352
423;4.23;0.01312118548961099
424;4.24;0.013419321013725784
425;4.25;0.01371745653784058
426;4.26;0.014015592061955375
427;4.2700000000000005;0.014313727586070198
428;4.28;0.014611863110184994
429;4.29;0.01490999863429979
430;4.3;0.015208134158414585
431;4.3100000000000005;0.015506269682529408
432;4.32;0.015804405206644202
433;4.33;0.01614342918717619
434;4.34;0.016502592258182312
435;4.3500000000000005;0.016861755329188467
436;4.36;0.01722091840019459
437;4.37;0.017580081471200715
438;4.38;0.01793924454220684
439;4.39;0.018298407613212962
440;4.4;0.018657570684219117
441;4.41;0.01901673375522524
442;4.42;0.019375896826231365
443;4.43;0.019784966922351783
444;4.44;0.020218618090543466
445;4.45;0.020652269258735107
446;4.46;0.02108592042692675
447;4.47;0.02151957159511839
448;4.48;0.02195322276331007
449;4.49;0.022386873931501714
450;4.5;0.022820525099693355
451;4.51;0.023254176267884997
452;4.5200000000000005;0.023687827436076676
453;4.53;0.02418501261868644
454;4.54;0.024713490674069305
455;4.55;0.025241968729452165
456;4.5600000000000005;0.025770446784835074
457;4.57;0.026298924840217938
458;4.58;0.0268274028956008
459;4.59;0.02735588095098366
460;4.6000000000000005;0.027884359006366568
461;4.61;0.028412837061749432
462;4.62;0.028941315117132292
463;4.63;0.02954439719663669
464;4.64;0.030184224541753193
465;4.65;0.030824051886869753
466;4.66;0.03146387923198626
467;4.67;0.03210370657710276
468;4.68;0.032743533922219265
469;4.69;0.03338336126733582
470;4.7;0.03402318861245232
471;4.71;0.03466301595756883
472;4.72;0.03530284330268533
473;4.73;0.036029344361216055
474;4.74;0.03679853545769698
475;4.75;0.037567726554177894
476;4.76;0.03833691765065882
477;4.7700000000000005;0.03910610874713981
478;4.78;0.039875299843620725
479;4.79;0.04064449094010165
480;4.8;0.041413682036582564
481;4.8100000000000005;0.042182873133063556
482;4.82;0.04295206422954448
483;4.83;0.043820893249254596
484;4.84;0.04473879766398806
485;4.8500000000000005;0.045656702078721606
486;4.86;0.04657460649345507
487;4.87;0.04749251090818853
488;4.88;0.048410415322922
489;4.89;0.04932831973765547
490;4.9;0.05024622415238901
491;4.91;0.05116412856712248
492;4.92;0.05208203298185594
493;4.93;0.05311989283756816
494;4.94;0.05421683522391182
495;4.95;0.05531377761025538
496;4.96;0.05641071999659894
497;4.97;0.0575076623829425
498;4.98;0.05860460476928615
499;4.99;0.05970154715562972
500;5.0;0.060798489541973276
501;5.01;0.061895431928316834
502;5.0200000000000005;0.0629923743146605
503;5.03;0.06423926131427364
504;5.04;0.06556000163087032
505;5.05;0.066880741947467
506;5.0600000000000005;0.0682014822640638
507;5.07;0.06952222258066049
508;5.08;0.07084296289725718
509;5.09;0.07216370321385386
510;5.1000000000000005;0.07348444353045067
511;5.11;0.07480518384704735
512;5.12;0.07612592416364403
513;5.13;0.0776212379397598
514;5.14;0.07920253565862376
515;5.15;0.08078383337748787
516;5.16;0.08236513109635184
517;5.17;0.0839464288152158
518;5.18;0.08552772653407978
519;5.19;0.08710902425294388
520;5.2;0.08869032197180785
521;5.21;0.09027161969067182
522;5.22;0.09185291740953579
523;5.23;0.09363535036586006
524;5.24;0.09551684993167947
525;5.25;0.09739834949749888
526;5.26;0.09927984906331828
527;5.2700000000000005;0.10116134862913786
528;5.28;0.10304284819495728
529;5.29;0.10492434776077669
530;5.3;0.10680584732659609
531;5.3100000000000005;0.10868734689241567
532;5.32;0.11056884645823509
533;5.33;0.11268045722245713
534;5.34;0.11490540633813125
535;5.3500000000000005;0.11713035545380557
536;5.36;0.11935530456947968
537;5.37;0.12158025368515381
538;5.38;0.12380520280082792
539;5.39;0.12603015191650205
540;5.4;0.12825510103217636
541;5.41;0.13048005014785047
542;5.42;0.1327049992635246
543;5.43;0.13520276529682534
544;5.44;0.1378349038417932
545;5.45;0.14046704238676083
546;5.46;0.14309918093172844
547;5.47;0.14573131947669607
548;5.48;0.1483634580216639
549;5.49;0.15099559656663153
550;5.5;0.15362773511159913
551;5.51;0.15625987365656677
552;5.5200000000000005;0.15889201220153462
553;5.53;0.16185845857764386
554;5.54;0.1649895640347632
555;5.55;0.16812066949188254
556;5.5600000000000005;0.17125177494900218
557;5.57;0.17438288040612152
558;5.58;0.17751398586324085
559;5.59;0.1806450913203602
560;5.6000000000000005;0.1837761967774798
561;5.61;0.18690730223459914
562;5.62;0.19003840769171848
563;5.63;0.19355508435872285
564;5.64;0.19726166923358104
565;5.65;0.2009682541084396
566;5.66;0.2046748389832978
567;5.67;0.208381423858156
568;5.68;0.2120880087330142
569;5.69;0.21579459360787276
570;5.7;0.21950117848273096
571;5.71;0.22320776335758918
572;5.72;0.22691434823244738
573;5.73;0.23106269586379236
574;5.74;0.23542862813639154
575;5.75;0.23979456040899072
576;5.76;0.2441604926815899
577;5.7700000000000005;0.24852642495418947
578;5.78;0.25289235722678866
579;5.79;0.25725828949938784
580;5.8;0.261624221771987
581;5.8100000000000005;0.2659901540445866
582;5.82;0.2703560863171858
583;5.83;0.27522367473043713
584;5.84;0.2803383475114724
585;5.8500000000000005;0.28545302029250813
586;5.86;0.29056769307354346
587;5.87;0.29568236585457874
588;5.88;0.300797038635614
589;5.89;0.3059117114166493
590;5.9;0.3110263841976851
591;5.91;0.31614105697872036
592;5.92;0.32125572975975564
593;5.93;0.32695702614065497
594;5.94;0.33294725653342816
595;5.95;0.33893748692620085
596;5.96;0.3449277173189735
597;5.97;0.35091794771174617
598;5.98;0.35690817810451936
599;5.99;0.36289840849729205
600;6.0;0.3688886388900647
601;6.01;0.37487886928283737
602;6.0200000000000005;0.38086909967561056
603;6.03;0.38756447772309427
604;6.04;0.3946071673020029
605;6.05;0.40164985688091154
606;6.0600000000000005;0.4086925464598208
607;6.07;0.4157352360387294
608;6.08;0.42277792561763805
609;6.09;0.4298206151965467
610;6.1000000000000005;0.436863304775456
611;6.11;0.4439059943543646
612;6.12;0.45094868393327325
613;6.13;0.45879908443109163
614;6.140000000000001;0.467047312694941
615;6.15;0.4752955409587896
616;6.16;0.48354376922263825
617;6.17;0.4917919974864869
618;6.18;0.5000402257503356
619;6.19;0.5082884540141849
620;6.2;0.5165366822780335
621;6.21;0.5247849105418821
622;6.22;0.5330331388057308
623;6.23;0.5421984312384693
624;6.24;0.5518154119931974
625;6.25;0.5614323927479256
626;6.26;0.5710493735026536
627;6.2700000000000005;0.5806663542573826
628;6.28;0.5902833350121106
629;6.29;0.5999003157668387
630;6.3;0.6095172965215668
631;6.3100000000000005;0.6191342772762958
632;6.32;0.6287512580310238
633;6.33;0.6394029292345363
634;6.34;0.6505642240919279
635;6.3500000000000005;0.6617255189493204
636;6.36;0.672886813806712
637;6.37;0.6840481086641035
638;6.38;0.6952094035214951
639;6.390000000000001;0.7063706983788876
640;6.4;0.7175319932362791
641;6.41;0.7286932880936706
642;6.42;0.7398545829510622
643;6.43;0.752209782665543
644;6.44;0.7651530250708302
645;6.45;0.7780962674761163
646;6.46;0.7910395098814024
647;6.47;0.8039827522866885
648;6.48;0.8169259946919757
649;6.49;0.8298692370972618
650;6.5;0.8428124795025478
651;6.51;0.8557557219078339
652;6.5200000000000005;0.8686989643131211
653;6.53;0.8830514696142837
654;6.54;0.898098089476102
655;6.55;0.9131447093379204
656;6.5600000000000005;0.92819132919974
657;6.57;0.9432379490615583
658;6.58;0.9582845689233767
659;6.59;0.973331188785195
660;6.6000000000000005;0.9883778086470146
661;6.61;1.003424428508833
662;6.62;1.0184710483706512
663;6.63;1.0351159463645638
664;6.640000000000001;1.0525480559757785
665;6.65;1.0699801655869914
666;6.66;1.0874122751982045
667;6.67;1.1048443848094174
668;6.68;1.1222764944206305
669;6.69;1.139708604031845
670;6.7;1.157140713643058
671;6.71;1.174572823254271
672;6.72;1.192004932865484
673;6.73;1.2112344315697667
674;6.74;1.2313492114691413
675;6.75;1.251463991368516
676;6.76;1.2715787712678905
677;6.7700000000000005;1.291693551167267
678;6.78;1.3118083310666415
679;6.79;1.3319231109660161
680;6.8;1.3520378908653907
681;6.8100000000000005;1.372152670764767
682;6.82;1.3922674506641417
683;6.83;1.4143978616243442
684;6.84;1.4375210460921188
685;6.8500000000000005;1.4606442305598957
686;6.86;1.4837674150276703
687;6.87;1.506890599495445
688;6.88;1.5300137839632195
689;6.890000000000001;1.5531369684309964
690;6.9;1.576260152898771
691;6.91;1.5993833373665456
692;6.92;1.6225065218343204
693;6.93;1.6479273413854694
694;6.94;1.6744798319478351
695;6.95;1.7010323225101986
696;6.96;1.727584813072562
697;6.97;1.7541373036349255
698;6.98;1.7806897941972912
699;6.99;1.8072422847596545
700;7.0;1.833794775322018
701;7.01;1.8603472658843814
702;7.0200000000000005;1.8868997564467471
703;7.03;1.9161172746832367
704;7.04;1.9466474184905644
705;7.05;1.9771775622978922
706;7.0600000000000005;2.0077077061052226
707;7.07;2.0382378499125506
708;7.08;2.068767993719878
709;7.09;2.099298137527206
710;7.1000000000000005;2.1298282813345364
711;7.11;2.1603584251418644
712;7.12;2.190888568949192
713;7.13;2.2244130645557694
714;7.140000000000001;2.2594123901530256
715;7.15;2.294411715750279
716;7.16;2.3294110413475315
717;7.17;2.3644103669447847
718;7.18;2.3994096925420374
719;7.19;2.4344090181392937
720;7.2;2.469408343736547
721;7.21;2.5044076693337995
722;7.22;2.5394069949310527
723;7.23;2.577752346050236
724;7.24;2.6177457395906636
725;7.25;2.657739133131092
726;7.26;2.6977325266715195
727;7.2700000000000005;2.7377259202119513
728;7.28;2.777719313752379
729;7.29;2.817712707292807
730;7.3;2.857706100833235
731;7.3100000000000005;2.8976994943736667
732;7.32;2.9376928879140944
733;7.33;2.9814094938053413
734;7.34;3.0269599207052
735;7.3500000000000005;3.072510347605063
736;7.36;3.1180607745049214
737;7.37;3.1636112014047804
738;7.38;3.2091616283046394
739;7.390000000000001;3.254712055204502
740;7.4;3.300262482104361
741;7.41;3.3458129090042195
742;7.42;3.3913633359040785
743;7.43;3.4411028712854574
744;7.44;3.492905698904008
745;7.45;3.5447085265225535
746;7.46;3.5965113541410996
747;7.47;3.6483141817596456
748;7.48;3.7001170093781957
749;7.49;3.7519198369967417
750;7.5;3.8037226646152877
751;7.51;3.8555254922338333
752;7.5200000000000005;3.907328319852384
753;7.53;3.963906252227599
754;7.54;4.022836101871024
755;7.55;4.081765951514449
756;7.5600000000000005;4.1406958011578805
757;7.57;4.1996256508013055
758;7.58;4.258555500444731
759;7.59;4.317485350088156
760;7.6000000000000005;4.3764151997315865
761;7.61;4.435345049375012
762;7.62;4.494274899018437
763;7.63;4.5585260214066965
764;7.640000000000001;4.625398069176747
765;7.65;4.69227011694679
766;7.66;4.759142164716834
767;7.67;4.826014212486877
768;7.68;4.892886260256921
769;7.69;4.95975830802697
770;7.7;5.026630355797013
771;7.71;5.093502403567057
772;7.72;5.1603744513371
773;7.73;5.233142380283733
774;7.74;5.308814250705394
775;7.75;5.384486121127055
776;7.76;5.460157991548716
777;7.7700000000000005;5.535829861970384
778;7.78;5.611501732392044
779;7.79;5.687173602813705
780;7.8;5.762845473235366
781;7.8100000000000005;5.838517343657033
782;7.82;5.914189214078695
783;7.83;5.996367687699792
784;7.84;6.081750906180313
785;7.8500000000000005;6.167134124660842
786;7.86;6.252517343141364
787;7.87;6.337900561621886
788;7.88;6.423283780102408
789;7.890000000000001;6.508666998582937
790;7.9;6.594050217063459
791;7.91;6.679433435543981
792;7.92;6.764816654024502
793;7.930000000000001;6.857437104121493
794;7.94;6.953622160835539
795;7.95;7.049807217549584
796;7.96;7.145992274263629
797;7.97;7.242177330977675
798;7.98;7.338362387691729
799;7.99;7.434547444405775
800;8.0;7.530732501119821
801;8.01;7.626917557833866
802;8.02;7.723102614547912
803;8.03;7.827410660356563
804;8.040000000000001;7.935719581390938
805;8.05;8.044028502425293
806;8.06;8.152337423459649
807;8.07;8.260646344494003
808;8.08;8.368955265528358
809;8.09;8.477264186562714
810;8.1;8.58557310759707
811;8.11;8.693882028631425
812;8.120000000000001;8.802190949665798
813;8.13;8.91946017509518
814;8.14;9.041142684778826
815;8.15;9.162825194462474
816;8.16;9.28450770414612
817;8.17;9.406190213829769
818;8.18;9.527872723513415
819;8.19;9.649555233197063
820;8.2;9.77123774288071
821;8.21;9.892920252564378
822;8.22;10.014602762248025
823;8.23;10.146131107269602
824;8.24;10.282508893577022
825;8.25;10.41888667988444
826;8.26;10.555264466191861
827;8.27;10.691642252499282
828;8.28;10.828020038806702
829;8.290000000000001;10.964397825114146
830;8.3;11.100775611421566
831;8.31;11.237153397728987
832;8.32;11.373531184036407
833;8.33;11.520690698630148
834;8.34;11.673160616708191
835;8.35;11.825630534786237
836;8.36;11.978100452864282
837;8.370000000000001;12.130570370942355
838;8.38;12.2830402890204
839;8.39;12.435510207098444
840;8.4;12.58798012517649
841;8.41;12.740450043254535
842;8.42;12.89291996133258
843;8.43;13.057248272134357
844;8.44;13.227417283829913
845;8.45;13.397586295525468
846;8.46;13.567755307221054
847;8.47;13.737924318916608
848;8.48;13.908093330612164
849;8.49;14.07826234230772
850;8.5;14.248431354003275
851;8.51;14.418600365698829
852;8.52;14.588769377394385
853;8.53;14.772057816963347
854;8.540000000000001;14.961808064290889
855;8.55;15.151558311618398
856;8.56;15.341308558945906
857;8.57;15.531058806273416
858;8.58;15.720809053600924
859;8.59;15.910559300928433
860;8.6;16.100309548255943
861;8.61;16.29005979558345
862;8.620000000000001;16.479810042910994
863;8.63;16.683893111956923
864;8.64;16.89503563050596
865;8.65;17.106178149054994
866;8.66;17.317320667604026
867;8.67;17.52846318615306
868;8.68;17.739605704702093
869;8.69;17.95074822325113
870;8.700000000000001;18.1618907418002
871;8.71;18.37303326034923
872;8.72;18.584175778898267
873;8.73;18.81092411337684
874;8.74;19.045358894507267
875;8.75;19.279793675637695
876;8.76;19.514228456768127
877;8.77;19.748663237898555
878;8.78;19.983098019028986
879;8.790000000000001;20.217532800159457
880;8.8;20.451967581289885
881;8.81;20.686402362420317
882;8.82;20.920837143550745
883;8.83;21.172226892785858
884;8.84;21.431967596460588
885;8.85;21.69170830013532
886;8.86;21.95144900381005
887;8.870000000000001;22.211189707484827
888;8.88;22.47093041115956
889;8.89;22.73067111483429
890;8.9;22.99041181850902
891;8.91;23.250152522183754
892;8.92;23.509893225858484
893;8.93;23.78808890791227
894;8.94;24.07537435543634
895;8.950000000000001;24.36265980296046
896;8.96;24.649945250484528
897;8.97;24.937230698008598
898;8.98;25.224516145532668
899;8.99;25.511801593056735
900;9.0;25.799087040580805
901;9.01;26.086372488104875
902;9.02;26.37365793562894
903;9.03;26.681067504717447
904;9.040000000000001;26.99838895457655
905;9.05;27.315710404435595
906;9.06;27.633031854294643
907;9.07;27.95035330415369
908;9.08;28.267674754012734
909;9.09;28.584996203871782
910;9.1;28.902317653730826
911;9.11;29.219639103589873
912;9.120000000000001;29.536960553448978
913;9.13;29.87607590355622
914;9.14;30.225925562740933
915;9.15;30.57577522192565
916;9.16;30.925624881110362
917;9.17;31.275474540295075
918;9.18;31.62532419947979
919;9.19;31.9751738586645
920;9.200000000000001;32.325023517849274
921;9.21;32.67487317703399
922;9.22;33.02472283621871
923;9.23;33.398089901243736
924;9.24;33.783040166160276
925;9.25;34.16799043107681
926;9.26;34.55294069599334
927;9.27;34.937890960909876
928;9.28;35.32284122582641
929;9.290000000000001;35.70779149074301
930;9.3;36.092741755659546
931;9.31;36.47769202057608
932;9.32;36.86264228549261
933;9.33;37.272928006892144
934;9.34;37.6956923859624
935;9.35;38.11845676503266
936;9.36;38.54122114410292
937;9.370000000000001;38.96398552317326
938;9.38;39.38674990224351
939;9.39;39.80951428131377
940;9.4;40.232278660384026
941;9.41;40.655043039454284
942;9.42;41.07780741852454
943;9.43;41.52786215440953
944;9.44;41.991358409322665
945;9.450000000000001;42.454854664235874
946;9.46;42.918350919149006
947;9.47;43.38184717406214
948;9.48;43.84534342897527
949;9.49;44.3088396838884
950;9.5;44.77233593880153
951;9.51;45.235832193714664
952;9.52;45.699328448627796
953;9.53;46.192201287871285
954;9.540000000000001;46.69954319103877
955;9.55;47.206885094206164
956;9.56;47.714226997373565
957;9.57;48.22156890054096
958;9.58;48.72891080370835
959;9.59;49.23625270687575
960;9.6;49.74359461004315
961;9.61;50.25093651321055
962;9.620000000000001;50.75827841637803
963;9.63;51.297149764353094
964;9.64;51.851550540367754
965;9.65;52.405951316382406
966;9.66;52.960352092397066
967;9.67;53.51475286841172
968;9.68;54.06915364442638
969;9.69;54.62355442044104
970;9.700000000000001;55.17795519645579
971;9.71;55.73235597247045
972;9.72;56.286756748485104
973;9.73;56.87488687754788
974;9.74;57.4796299715448
975;9.75;58.084373065541726
976;9.76;58.68911615953864
977;9.77;59.293859253535565
978;9.78;59.89860234753249
979;9.790000000000001;60.50334544152952
980;9.8;61.108088535526434
981;9.81;61.71283162952336
982;9.82;62.31757472352028
983;9.83;62.95832234347928
984;9.84;63.61680353592707
985;9.85;64.27528472837486
986;9.86;64.93376592082264
987;9.870000000000001;65.59224711327055
988;9.88;66.25072830571833
989;9.89;66.90920949816612
990;9.9;67.5676906906139
991;9.91;68.2261718830617
992;9.92;68.88465307550948
993;9.93;69.58151003986343
994;9.94;70.29726850381296
995;9.950000000000001;71.01302696776263
996;9.96;71.72878543171215
997;9.97;72.44454389566168
998;9.98;73.16030235961121
999;9.99;73.87606082356074
1000;10.0;74.59181928751028
1001;10.01;75.3075777514598
1002;10.02;76.02333621540933
1003;10.03;76.77996726970156
1004;10.040000000000001;77.55672959983437
1005;10.05;78.33349192996702
1006;10.06;79.1102542600997
1007;10.07;79.88701659023236
1008;10.08;80.66377892036502
1009;10.09;81.44054125049769
1010;10.1;82.21730358063036
1011;10.11;82.99406591076301
1012;10.120000000000001;83.77082824089582
1013;10.13;84.59104125369095
1014;10.14;85.43265534899145
1015;10.15;86.27426944429196
1016;10.16;87.11588353959246
1017;10.17;87.95749763489297
1018;10.18;88.79911173019347
1019;10.19;89.64072582549397
1020;10.200000000000001;90.48233992079463
1021;10.21;91.32395401609514
1022;10.22;92.16556811139564
1023;10.23;93.05327703406402
1024;10.24;93.9636893791673
1025;10.25;94.87410172427059
1026;10.26;95.78451406937388
1027;10.27;96.69492641447717
1028;10.28;97.60533875958046
1029;10.290000000000001;98.5157511046839
1030;10.3;99.4261634497872
1031;10.31;100.33657579489048
1032;10.32;101.24698813999376
1033;10.33;102.20623242829488
1034;10.34;103.18952827070834
1035;10.35;104.1728241131218
1036;10.36;105.15611995553527
1037;10.370000000000001;106.13941579794891
1038;10.38;107.12271164036238
1039;10.39;108.10600748277585
1040;10.4;109.0893033251893
1041;10.41;110.07259916760277
1042;10.42;111.05589501001624
1043;10.43;112.09076634199644
1044;10.44;113.15104052704682
1045;10.450000000000001;114.21131471209738
1046;10.46;115.27158889714775
1047;10.47;116.33186308219811
1048;10.48;117.39213726724849
1049;10.49;118.45241145229886
1050;10.5;119.51268563734924
1051;10.51;120.57295982239961
1052;10.52;121.63323400744999
1053;10.53;122.74784822234379
1054;10.540000000000001;123.88922692954876
1055;10.55;125.03060563675353
1056;10.56;126.1719843439583
1057;10.57;127.31336305116307
1058;10.58;128.45474175836785
1059;10.59;129.5961204655726
1060;10.6;130.73749917277738
1061;10.61;131.87887787998216
1062;10.620000000000001;133.0202565871871
1063;10.63;134.2188200258855
1064;10.64;135.44554907860308
1065;10.65;136.6722781313207
1066;10.66;137.89900718403828
1067;10.67;139.1257362367559
1068;10.68;140.3524652894735
1069;10.69;141.5791943421911
1070;10.700000000000001;142.80592339490892
1071;10.71;144.03265244762653
1072;10.72;145.25938150034412
1073;10.73;146.54631464249965
1074;10.74;147.86290054512457
1075;10.75;149.1794864477495
1076;10.76;150.4960723503744
1077;10.77;151.8126582529993
1078;10.78;153.12924415562424
1079;10.790000000000001;154.4458300582494
1080;10.8;155.76241596087434
1081;10.81;157.07900186349926
1082;10.82;158.39558776612418
1083;10.83;159.7754057843701
1084;10.84;161.18636797896664
1085;10.85;162.5973301735632
1086;10.86;164.00829236815974
1087;10.870000000000001;165.41925456275655
1088;10.88;166.8302167573531
1089;10.89;168.24117895194965
1090;10.9;169.65214114654623
1091;10.91;171.06310334114278
1092;10.92;172.47406553573933
1093;10.93;173.95123004447896
1094;10.94;175.46100166316964
1095;10.950000000000001;176.9707732818606
1096;10.96;178.4805449005513
1097;10.97;179.99031651924201
1098;10.98;181.5000881379327
1099;10.99;183.0098597566234
1100;11.0;184.51963137531408
1101;11.01;186.02940299400478
1102;11.02;187.5391746126955
1103;11.03;189.11804528532457
1104;11.040000000000001;190.7309498203415
1105;11.05;192.34385435535816
1106;11.06;193.9567588903748
1107;11.07;195.56966342539147
1108;11.08;197.18256796040814
1109;11.09;198.79547249542478
1110;11.1;200.40837703044144
1111;11.11;202.02128156545808
1112;11.120000000000001;203.63418610047503
1113;11.13;205.3192112722913
1114;11.14;207.0397585487999
1115;11.15;208.7603058253085
1116;11.16;210.48085310181713
1117;11.17;212.20140037832573
1118;11.18;213.92194765483433
1119;11.19;215.64249493134295
1120;11.200000000000001;217.36304220785186
1121;11.21;219.08358948436046
1122;11.22;220.80413676086906
1123;11.23;222.59993699061235
1124;11.24;224.43280210776973
1125;11.25;226.2656672249271
1126;11.26;228.0985323420845
1127;11.27;229.93139745924188
1128;11.28;231.76426257639926
1129;11.290000000000001;233.59712769355696
1130;11.3;235.42999281071434
1131;11.31;237.26285792787172
1132;11.32;239.0957230450291
1133;11.33;241.0070243117618
1134;11.34;242.9569583088823
1135;11.35;244.9068923060028
1136;11.36;246.85682630312328
1137;11.370000000000001;248.80676030024412
1138;11.38;250.75669429736462
1139;11.39;252.7066282944851
1140;11.4;254.6565622916056
1141;11.41;256.6064962887261
1142;11.42;258.5564302858466
1143;11.43;260.5877787432459
1144;11.44;262.65922686018547
1145;11.450000000000001;264.73067497712543
1146;11.46;266.802123094065
1147;11.47;268.8735712110046
1148;11.48;270.9450193279442
1149;11.49;273.0164674448838
1150;11.5;275.08791556182337
1151;11.51;277.15936367876293
1152;11.52;279.23081179570255
1153;11.53;281.3864832285765
1154;11.540000000000001;283.5836377872096
1155;11.55;285.7807923458423
1156;11.56;287.977946904475
1157;11.57;290.1751014631077
1158;11.58;292.37225602174044
1159;11.59;294.56941058037313
1160;11.6;296.7665651390058
1161;11.61;298.96371969763857
1162;11.620000000000001;301.16087425627165
1163;11.63;303.44531489354773
1164;11.64;305.7727471814989
1165;11.65;308.10017946945015
1166;11.66;310.42761175740134
1167;11.67;312.7550440453525
1168;11.68;315.0824763333037
1169;11.69;317.4099086212549
1170;11.700000000000001;319.7373409092065
1171;11.71;322.0647731971577
1172;11.72;324.3922054851089
1173;11.73;326.8099602738406
1174;11.74;329.2722022644493
1175;11.75;331.7344442550579
1176;11.76;334.19668624566657
1177;11.77;336.65892823627524
1178;11.78;339.1211702268839
1179;11.790000000000001;341.583412217493
1180;11.8;344.04565420810167
1181;11.81;346.50789619871034
1182;11.82;348.97013818931896
1183;11.83;351.52577570013204
1184;11.84;354.12741398955325
1185;11.85;356.72905227897445
1186;11.86;359.33069056839565
1187;11.870000000000001;361.9323288578173
1188;11.88;364.5339671472385
1189;11.89;367.1356054366597
1190;11.9;369.7372437260809
1191;11.91;372.3388820155021
1192;11.92;374.9405203049233
1193;11.93;377.63840510605485
1194;11.94;380.38369490549144
1195;11.950000000000001;383.12898470492854
1196;11.96;385.87427450436513
1197;11.97;388.6195643038017
1198;11.98;391.3648541032383
1199;11.99;394.1101439026749
1200;12.0;396.8554337021115
1201;12.01;399.6007235015481
1202;12.02;402.3460133009847
1203;12.030000000000001;405.1901761164957
1204;12.040000000000001;408.08303758171434
1205;12.05;410.9758990469329
1206;12.06;413.86876051215154
1207;12.07;416.7616219773701
1208;12.08;419.6544834425887
1209;12.09;422.5473449078073
1210;12.1;425.4402063730259
1211;12.11;428.3330678382445
1212;12.120000000000001;431.2259293034636
1213;12.13;434.220445863614
1214;12.14;437.2650313511188
1215;12.15;440.3096168386236
1216;12.16;443.3542023261284
1217;12.17;446.39878781363325
1218;12.18;449.4433733011381
1219;12.19;452.48795878864286
1220;12.200000000000001;455.53254427614826
1221;12.21;458.57712976365303
1222;12.22;461.62171525115787
1223;12.23;464.77074322898153
1224;12.24;467.9712130303951
1225;12.25;471.17168283180865
1226;12.26;474.3721526332222
1227;12.27;477.5726224346358
1228;12.280000000000001;480.7730922360499
1229;12.290000000000001;483.9735620374634
1230;12.3;487.174031838877
1231;12.31;490.37450164029053
1232;12.32;493.57497144170407
1233;12.33;496.882607579027
1234;12.34;500.2430271355292
1235;12.35;503.60344669203135
1236;12.36;506.9638662485335
1237;12.370000000000001;510.3242858050363
1238;12.38;513.6847053615385
1239;12.39;517.0451249180406
1240;12.4;520.4055444745428
1241;12.41;523.765964031045
1242;12.42;527.1263835875471
1243;12.43;530.5966261421357
1244;12.44;534.120960621155
1245;12.450000000000001;537.6452951001747
1246;12.46;541.169629579194
1247;12.47;544.693964058213
1248;12.48;548.2182985372323
1249;12.49;551.7426330162515
1250;12.5;555.2669674952707
1251;12.51;558.7913019742898
1252;12.52;562.315636453309
1253;12.530000000000001;565.9519110627434
1254;12.540000000000001;569.6433203632769
1255;12.55;573.3347296638104
1256;12.56;577.0261389643439
1257;12.57;580.7175482648775
1258;12.58;584.4089575654109
1259;12.59;588.1003668659445
1260;12.6;591.7917761664779
1261;12.61;595.4831854670114
1262;12.620000000000001;599.1745947675456
1263;12.63;602.9804183096454
1264;12.64;606.842595134905
1265;12.65;610.7047719601644
1266;12.66;614.5669487854238
1267;12.67;618.4291256106833
1268;12.68;622.2913024359427
1269;12.69;626.1534792612022
1270;12.700000000000001;630.0156560864623
1271;12.71;633.8778329117217
1272;12.72;637.7400097369812
1273;12.73;641.7189357428758
1274;12.74;645.7553650765459
1275;12.75;649.7917944102161
1276;12.76;653.8282237438862
1277;12.77;657.8646530775562
1278;12.780000000000001;661.9010824112271
1279;12.790000000000001;665.9375117448972
1280;12.8;669.9739410785673
1281;12.81;674.0103704122374
1282;12.82;678.0467997459075
1283;12.83;682.2021485408201
1284;12.84;686.416069607688
1285;12.85;690.6299906745558
1286;12.86;694.8439117414235
1287;12.870000000000001;699.0578328082921
1288;12.88;703.2717538751599
1289;12.89;707.4856749420277
1290;12.9;711.6995960088956
1291;12.91;715.9135170757634
1292;12.92;720.1274381426311
1293;12.93;724.4626252992362
1294;12.94;728.8575405298908
1295;12.950000000000001;733.2524557605461
1296;12.96;737.6473709912008
1297;12.97;742.0422862218554
1298;12.98;746.43720145251
1299;12.99;750.8321166831646
1300;13.0;755.2270319138192
1301;13.01;759.6219471444739
1302;13.02;764.0168623751284
1303;13.030000000000001;768.5345866519103
1304;13.040000000000001;773.1127989663358
1305;13.05;777.6910112807614
1306;13.06;782.2692235951869
1307;13.07;786.8474359096124
1308;13.08;791.4256482240379
1309;13.09;796.0038605384634
1310;13.1;800.5820728528889
1311;13.11;805.1602851673143
1312;13.120000000000001;809.7384974817408
1313;13.13;814.4415601406804
1314;13.14;819.2061162528883
1315;13.15;823.9706723650962
1316;13.16;828.7352284773041
1317;13.17;833.4997845895119
1318;13.18;838.2643407017198
1319;13.19;843.0288968139278
1320;13.200000000000001;847.7934529261364
1321;13.21;852.5580090383444
1322;13.22;857.3225651505522
1323;13.23;862.2139076452905
1324;13.24;867.1676971642602
1325;13.25;872.1214866832298
1326;13.26;877.0752762021996
1327;13.27;882.0290657211692
1328;13.280000000000001;886.9828552401398
1329;13.290000000000001;891.9366447591094
1330;13.3;896.8904342780792
1331;13.31;901.8442237970488
1332;13.32;906.7980133160185
1333;13.33;911.8798933705026
1334;13.34;917.0248627932252
1335;13.35;922.1698322159478
1336;13.36;927.3148016386704
1337;13.370000000000001;932.4597710613939
1338;13.38;937.6047404841164
1339;13.39;942.749709906839
1340;13.4;947.8946793295617
1341;13.41;953.0396487522842
1342;13.42;958.1846181750068
1343;13.43;963.4596552481277
1344;13.44;968.7987554923403
1345;13.450000000000001;974.1378557365539
1346;13.46;979.4769559807665
1347;13.47;984.8160562249791
1348;13.48;990.1551564691918
1349;13.49;995.4942567134044
1350;13.5;1000.8333569576171
1351;13.51;1006.1724572018296
1352;13.52;1011.5115574460423
1353;13.530000000000001;1016.9819787632105
1354;13.540000000000001;1022.517080608848
1355;13.55;1028.0521824544853
1356;13.56;1033.587284300123
1357;13.57;1039.1223861457604
1358;13.58;1044.6574879913978
1359;13.59;1050.1925898370353
1360;13.6;1055.7276916826727
1361;13.61;1061.26279352831
1362;13.620000000000001;1066.7978953739487
1363;13.63;1072.465709966237
1364;13.64;1078.198890538219
1365;13.65;1083.9320711102012
1366;13.66;1089.6652516821832
1367;13.67;1095.3984322541653
1368;13.68;1101.1316128261474
1369;13.69;1106.8647933981294
1370;13.700000000000001;1112.5979739701127
1371;13.71;1118.3311545420947
1372;13.72;1124.0643351140768
1373;13.73;1129.931416583644
1374;13.74;1135.8644492415742
1375;13.75;1141.7974818995044
1376;13.76;1147.7305145574346
1377;13.77;1153.6635472153648
1378;13.780000000000001;1159.5965798732962
1379;13.790000000000001;1165.5296125312263
1380;13.8;1171.4626451891565
1381;13.81;1177.3956778470867
1382;13.82;1183.328710505017
1383;13.83;1189.3966313936903
1384;13.84;1195.5309897691477
1385;13.85;1201.665348144605
1386;13.86;1207.7997065200625
1387;13.870000000000001;1213.9340648955208
1388;13.88;1220.0684232709782
1389;13.89;1226.2027816464356
1390;13.9;1232.337140021893
1391;13.91;1238.4714983973504
1392;13.92;1244.6058567728078
1393;13.93;1250.876704151177
1394;13.94;1257.2147774563534
1395;13.950000000000001;1263.5528507615309
1396;13.96;1269.8909240667074
1397;13.97;1276.228997371884
1398;13.98;1282.5670706770604
1399;13.99;1288.905143982237
1400;14.0;1295.2432172874132
1401;14.01;1301.5812905925898
1402;14.02;1307.9193638977663
1403;14.030000000000001;1314.3943629017676
1404;14.040000000000001;1320.9368029216064
1405;14.05;1327.4792429414454
1406;14.06;1334.0216829612841
1407;14.07;1340.5641229811229
1408;14.08;1347.1065630009618
1409;14.09;1353.6490030208006
1410;14.1;1360.1914430406393
1411;14.11;1366.733883060478
1412;14.120000000000001;1373.2763230803182
1413;14.13;1379.9564897392208
1414;14.14;1386.7044919069162
1415;14.15;1393.4524940746116
1416;14.16;1400.200496242307
1417;14.17;1406.9484984100025
1418;14.18;1413.6965005776979
1419;14.19;1420.4445027453933
1420;14.200000000000001;1427.1925049130898
1421;14.21;1433.9405070807852
1422;14.22;1440.6885092484804
1423;14.23;1447.5755464906615
1424;14.24;1454.5310636949023
1425;14.25;1461.4865808991433
1426;14.26;1468.4420981033843
1427;14.27;1475.3976153076253
1428;14.280000000000001;1482.3531325118674
1429;14.290000000000001;1489.3086497161084
1430;14.3;1496.2641669203495
1431;14.31;1503.2196841245905
1432;14.32;1510.1752013288315
1433;14.33;1517.269900013001
1434;14.34;1524.433150769374
1435;14.35;1531.596401525747
1436;14.36;1538.7596522821202
1437;14.370000000000001;1545.9229030384947
1438;14.38;1553.0861537948676
1439;14.39;1560.2494045512408
1440;14.4;1567.412655307614
1441;14.41;1574.575906063987
1442;14.42;1581.7391568203602
1443;14.43;1589.0421692964119
1444;14.44;1596.4140196343947
1445;14.450000000000001;1603.7858699723786
1446;14.46;1611.1577203103614
1447;14.47;1618.5295706483441
1448;14.48;1625.9014209863271
1449;14.49;1633.27327132431
1450;14.5;1640.6451216622927
1451;14.51;1648.0169720002755
1452;14.52;1655.3888223382583
1453;14.530000000000001;1662.9015812316775
1454;14.540000000000001;1670.4837428464293
1455;14.55;1678.0659044611812
1456;14.56;1685.6480660759328
1457;14.57;1693.2302276906846
1458;14.58;1700.8123893054365
1459;14.59;1708.394550920188
1460;14.6;1715.97671253494
1461;14.61;1723.5588741496917
1462;14.620000000000001;1731.1410357644447
1463;14.63;1738.8636102330863
1464;14.64;1746.6553432715543
1465;14.65;1754.447076310022
1466;14.66;1762.23880934849
1467;14.67;1770.030542386958
1468;14.68;1777.8222754254257
1469;14.69;1785.6140084638937
1470;14.700000000000001;1793.4057415023628
1471;14.71;1801.1974745408306
1472;14.72;1808.9892075792986
1473;14.73;1816.9223154703836
1474;14.74;1824.9250557515638
1475;14.75;1832.927796032744
1476;14.76;1840.930536313924
1477;14.77;1848.9332765951042
1478;14.780000000000001;1856.9360168762857
1479;14.790000000000001;1864.938757157466
1480;14.8;1872.941497438646
1481;14.81;1880.944237719826
1482;14.82;1888.9469780010063
1483;14.83;1897.0912194236023
1484;14.84;1905.3051554382387
1485;14.85;1913.5190914528753
1486;14.86;1921.7330274675119
1487;14.870000000000001;1929.94696348215
1488;14.88;1938.1608994967867
1489;14.89;1946.3748355114233
1490;14.9;1954.5887715260599
1491;14.91;1962.8027075406965
1492;14.92;1971.016643555333
1493;14.93;1979.3723099713975
1494;14.94;1987.797783898613
1495;14.950000000000001;1996.2232578258302
1496;14.96;2004.648731753046
1497;14.97;2013.0742056802615
1498;14.98;2021.499679607477
1499;14.99;2029.9251535346925
1500;15.0;2038.3506274619083
1501;15.01;2046.7761013891238
1502;15.02;2055.2015753163396
1503;15.030000000000001;2063.7690283227935
1504;15.040000000000001;2072.406411323497
1505;15.05;2081.043794324201
1506;15.06;2089.6811773249046
1507;15.07;2098.3185603256084
1508;15.08;2106.9559433263125
1509;15.09;2115.5933263270163
1510;15.1;2124.23070932772
1511;15.11;2132.8680923284237
1512;15.120000000000001;2141.505475329129
1513;15.13;2150.2847383628714
1514;15.14;2159.133882606917
1515;15.15;2167.9830268509622
1516;15.16;2176.8321710950077
1517;15.17;2185.6813153390535
1518;15.18;2194.530459583099
1519;15.19;2203.3796038271444
1520;15.200000000000001;2212.228748071191
1521;15.21;2221.0778923152366
1522;15.22;2229.927036559282
1523;15.23;2238.9182758709417
1524;15.24;2247.9795023054553
1525;15.25;2257.0407287399694
1526;15.26;2266.1019551744835
1527;15.27;2275.1631816089975
1528;15.280000000000001;2284.224408043513
1529;15.290000000000001;2293.285634478027
1530;15.3;2302.3468609125407
1531;15.31;2311.408087347055
1532;15.32;2320.469313781569
1533;15.33;2329.6724243451213
1534;15.34;2338.945418136409
1535;15.35;2348.2184119276967
1536;15.36;2357.491405718985
1537;15.370000000000001;2366.7643995102744
1538;15.38;2376.037393301562
1539;15.39;2385.31038709285
1540;15.4;2394.5833808841376
1541;15.41;2403.8563746754253
1542;15.42;2413.1293684667135
1543;15.43;2422.544361860988
1544;15.44;2432.029295358226
1545;15.450000000000001;2441.514228855466
1546;15.46;2450.9991623527044
1547;15.47;2460.4840958499426
1548;15.48;2469.969029347181
1549;15.49;2479.4539628444186
1550;15.5;2488.938896341657
1551;15.51;2498.423829838895
1552;15.52;2507.9087633361332
1553;15.530000000000001;2517.5353485006476
1554;15.540000000000001;2527.231702396802
1555;15.55;2536.928056292957
1556;15.56;2546.624410189112
1557;15.57;2556.320764085267
1558;15.58;2566.017117981422
1559;15.59;2575.713471877577
1560;15.6;2585.4098257737314
1561;15.610000000000001;2595.106179669888
1562;15.620000000000001;2604.802533566043
1563;15.63;2614.6413862086893
1564;15.64;2624.5504248011002
1565;15.65;2634.4594633935108
1566;15.66;2644.3685019859213
1567;15.67;2654.2775405783323
1568;15.68;2664.186579170743
1569;15.69;2674.0956177631533
1570;15.700000000000001;2684.0046563555657
1571;15.71;2693.9136949479766
1572;15.72;2703.822733540387
1573;15.73;2713.8727116469236
1574;15.74;2723.9921077231043
1575;15.75;2734.1115037992845
1576;15.76;2744.230899875465
1577;15.77;2754.350295951646
1578;15.780000000000001;2764.469692027828
1579;15.790000000000001;2774.5890881040086
1580;15.8;2784.708484180189
1581;15.81;2794.8278802563696
1582;15.82;2804.9472763325502
1583;15.83;2815.208114117152
1584;15.84;2825.5386172208273
1585;15.85;2835.8691203245025
1586;15.860000000000001;2846.1996234281796
1587;15.870000000000001;2856.530126531855
1588;15.88;2866.8606296355297
1589;15.89;2877.191132739205
1590;15.9;2887.52163584288
1591;15.91;2897.8521389465554
1592;15.92;2908.1826420502307
1593;15.93;2918.6546888365333
1594;15.94;2929.19645116801
1595;15.950000000000001;2939.7382134994887
1596;15.96;2950.2799758309657
1597;15.97;2960.8217381624427
1598;15.98;2971.3635004939197
1599;15.99;2981.9052628253967
1600;16.0;2992.4470251568737
1601;16.01;3002.9887874883525
1602;16.02;3013.5305498198272
1603;16.03;3024.2129769676685
1604;16.04;3034.964686786251
1605;16.05;3045.716396604838
1606;16.06;3056.4681064234205
1607;16.07;3067.2198162420073
1608;16.080000000000002;3077.971526060594
1609;16.09;3088.7232358791766
1610;16.1;3099.4749456977634
1611;16.11;3110.2266555163465
1612;16.12;3120.9783653349327
1613;16.13;3131.8703413478393
1614;16.14;3142.8314036952665
1615;16.15;3153.79246604269
1616;16.16;3164.753528390118
1617;16.17;3175.714590737545
1618;16.18;3186.675653084969
1619;16.19;3197.6367154323966
1620;16.2;3208.5977777798203
1621;16.21;3219.5588401272475
1622;16.22;3230.519902474671
1623;16.23;3241.622010930849
1624;16.240000000000002;3252.793589858501
1625;16.25;3263.9651687861488
1626;16.26;3275.1367477138006
1627;16.27;3286.3083266414483
1628;16.28;3297.4799055691
1629;16.29;3308.6514844967483
1630;16.3;3319.8230634244
1631;16.31;3330.994642352048
1632;16.32;3342.1662212796996
1633;16.330000000000002;3353.4774751208734
1634;16.34;3364.8575240687032
1635;16.35;3376.237573016537
1636;16.36;3387.617621964367
1637;16.37;3398.997670912201
1638;16.38;3410.3777198600305
1639;16.39;3421.7577688078645
1640;16.4;3433.1378177556944
1641;16.41;3444.5178667035284
1642;16.42;3455.8979156513624
1643;16.43;3467.4173299031395
1644;16.44;3479.005386767313
1645;16.45;3490.593443631483
1646;16.46;3502.181500495656
1647;16.47;3513.7695573598257
1648;16.48;3525.3576142239995
1649;16.490000000000002;3536.9456710881727
1650;16.5;3548.5337279523424
1651;16.51;3560.121784816516
1652;16.52;3571.7098416806853
1653;16.53;3583.4376666376597
1654;16.54;3595.2343325955617
1655;16.55;3607.030998553468
1656;16.56;3618.82766451137
1657;16.57;3630.624330469276
1658;16.580000000000002;3642.4209964271827
1659;16.59;3654.2176623850846
1660;16.6;3666.014328342991
1661;16.61;3677.810994300893
1662;16.62;3689.607660258799
1663;16.63;3701.5428062368746
1664;16.64;3713.546158792055
1665;16.65;3725.549511347231
1666;16.66;3737.5528639024114
1667;16.67;3749.5562164575917
1668;16.68;3761.5595690127675
1669;16.69;3773.562921567948
1670;16.7;3785.566274123124
1671;16.71;3797.5696266783043
1672;16.72;3809.57297923348
1673;16.73;3821.715411679752
1674;16.740000000000002;3833.9263461619344
1675;16.75;3846.1372806441127
1676;16.76;3858.348215126295
1677;16.77;3870.5591496084735
1678;16.78;3882.770084090656
1679;16.79;3894.9810185728343
1680;16.8;3907.1919530550167
1681;16.81;3919.402887537195
1682;16.82;3931.6138220193775
1683;16.830000000000002;3943.962242333371
1684;16.84;3956.3783795495947
1685;16.85;3968.794516765823
1686;16.86;3981.210653982047
1687;16.87;3993.6267911982754
1688;16.88;4006.0429284144993
1689;16.89;4018.4590656307278
1690;16.9;4030.8752028469517
1691;16.91;4043.29134006318
1692;16.92;4055.707477279408
1693;16.93;4068.262026876023
1694;16.94;4080.884749734626
1695;16.95;4093.507472593224
1696;16.96;4106.130195451827
1697;16.97;4118.752918310425
1698;16.98;4131.375641169028
1699;16.990000000000002;4143.9983640276305
1700;17.0;4156.621086886229
1701;17.01;4169.243809744832
1702;17.02;4181.86653260343
1703;17.03;4194.626446649871
1704;17.04;4207.45393247539
1705;17.05;4220.281418300914
1706;17.06;4233.108904126433
1707;17.07;4245.936389951958
1708;17.080000000000002;4258.763875777482
1709;17.09;4271.591361603001
1710;17.1;4284.418847428526
1711;17.11;4297.246333254045
1712;17.12;4310.073819079569
1713;17.13;4323.038240309019
1714;17.14;4336.070107334439
1715;17.150000000000002;4349.101974359859
1716;17.16;4362.133841385274
1717;17.17;4375.165708410694
1718;17.18;4388.197575436109
1719;17.19;4401.229442461529
1720;17.2;4414.261309486945
1721;17.21;4427.293176512364
1722;17.22;4440.3250435377795
1723;17.23;4453.493605476022
1724;17.240000000000002;4466.729494759386
1725;17.25;4479.965384042745
1726;17.26;4493.201273326109
1727;17.27;4506.437162609469
1728;17.28;4519.6730518928325
1729;17.29;4532.908941176192
1730;17.3;4546.144830459556
1731;17.31;4559.380719742915
1732;17.32;4572.61660902628
1733;17.330000000000002;4585.988195128432
1734;17.34;4599.426616977148
1735;17.35;4612.865038825868
1736;17.36;4626.303460674584
1737;17.37;4639.741882523304
1738;17.38;4653.180304372021
1739;17.39;4666.618726220741
1740;17.400000000000002;4680.057148069462
1741;17.41;4693.495569918177
1742;17.42;4706.9339917668985
1743;17.43;4720.508918315783
1744;17.44;4734.151078522967
1745;17.45;4747.793238730144
1746;17.46;4761.435398937328
1747;17.47;4775.077559144505
1748;17.48;4788.719719351689
1749;17.490000000000002;4802.361879558871
1750;17.5;4816.00403976605
1751;17.51;4829.646199973232
1752;17.52;4843.288360180411
1753;17.53;4857.065727583825
1754;17.54;4870.909689576422
1755;17.55;4884.753651569025
1756;17.56;4898.597613561624
1757;17.57;4912.441575554227
1758;17.580000000000002;4926.28553754683
1759;17.59;4940.129499539428
1760;17.6;4953.973461532031
1761;17.61;4967.817423524629
1762;17.62;4981.661385517232
1763;17.63;4995.640077646652
1764;17.64;5009.685129395705
1765;17.650000000000002;5023.730181144759
1766;17.66;5037.775232893807
1767;17.67;5051.82028464286
1768;17.68;5065.865336391909
1769;17.69;5079.910388140963
1770;17.7;5093.955439890011
1771;17.71;5108.000491639064
1772;17.72;5122.0455433881125
1773;17.73;5136.225250408
1774;17.740000000000002;5150.471280173223
1775;17.75;5164.717309938442
1776;17.76;5178.963339703665
1777;17.77;5193.209369468883
1778;17.78;5207.455399234106
1779;17.79;5221.701428999325
1780;17.8;5235.947458764548
1781;17.81;5250.193488529766
1782;17.82;5264.439518294989
1783;17.830000000000002;5278.819476845794
1784;17.84;5293.2654003208345
1785;17.85;5307.71132379588
1786;17.86;5322.157247270921
1787;17.87;5336.603170745967
1788;17.88;5351.049094221008
1789;17.89;5365.495017696054
1790;17.900000000000002;5379.940941171099
1791;17.91;5394.386864646141
1792;17.92;5408.832788121186
1793;17.93;5423.412556853467
1794;17.94;5438.05824936917
1795;17.95;5452.703941884868
1796;17.96;5467.349634400572
1797;17.97;5481.995326916269
1798;17.98;5496.641019431972
1799;17.990000000000002;5511.286711947675
1800;18.0;5525.932404463373
1801;18.01;5540.578096979077
1802;18.02;5555.223789494774
1803;18.03;5570.002673413817
1804;18.04;5584.84715906883
1805;18.05;5599.691644723846
1806;18.06;5614.536130378858
1807;18.07;5629.3806160338745
1808;18.080000000000002;5644.225101688892
1809;18.09;5659.069587343904
1810;18.1;5673.91407299892
1811;18.11;5688.758558653933
1812;18.12;5703.603044308949
1813;18.13;5718.57997028504
1814;18.14;5733.622128061071
1815;18.150000000000002;5748.6642858371015
1816;18.16;5763.706443613127
1817;18.17;5778.748601389158
1818;18.18;5793.790759165183
1819;18.19;5808.832916941213
1820;18.2;5823.875074717238
1821;18.21;5838.917232493269
1822;18.22;5853.959390269294
1823;18.23;5869.134604213257
1824;18.240000000000002;5884.3753532847095
1825;18.25;5899.616102356156
1826;18.26;5914.8568514276085
1827;18.27;5930.097600499055
1828;18.28;5945.3383495705075
1829;18.29;5960.579098641954
1830;18.3;5975.819847713406
1831;18.31;5991.060596784852
1832;18.32;6006.301345856305
1833;18.330000000000002;6021.674291907148
1834;18.34;6037.112349903058
1835;18.35;6052.550407898974
1836;18.36;6067.988465894885
1837;18.37;6083.426523890801
1838;18.38;6098.864581886712
1839;18.39;6114.302639882627
1840;18.400000000000002;6129.740697878543
1841;18.41;6145.178755874454
1842;18.42;6160.61681387037
1843;18.43;6176.185208208332
1844;18.44;6191.817798058057
1845;18.45;6207.4503879077765
1846;18.46;6223.082977757501
1847;18.47;6238.71556760722
1848;18.48;6254.348157456945
1849;18.490000000000002;6269.980747306669
1850;18.5;6285.613337156389
1851;18.51;6301.245927006114
1852;18.52;6316.8785168558325
1853;18.53;6332.644215784052
1854;18.54;6348.475475900182
1855;18.55;6364.306736016317
1856;18.56;6380.137996132446
1857;18.57;6395.969256248581
1858;18.580000000000002;6411.800516364715
1859;18.59;6427.631776480845
1860;18.6;6443.46303659698
1861;18.61;6459.294296713108
1862;18.62;6475.125556829244
1863;18.63;6491.086710768428
1864;18.64;6507.1118422622585
1865;18.650000000000002;6523.136973756088
1866;18.66;6539.162105249913
1867;18.67;6555.187236743743
1868;18.68;6571.212368237567
1869;18.69;6587.237499731397
1870;18.7;6603.262631225221
1871;18.71;6619.287762719052
1872;18.72;6635.312894212876
1873;18.73;6651.468225933122
1874;18.740000000000002;6667.687686123095
1875;18.75;6683.907146313062
1876;18.76;6700.126606503036
1877;18.77;6716.346066693003
1878;18.78;6732.565526882977
1879;18.79;6748.784987072944
1880;18.8;6765.004447262917
1881;18.81;6781.223907452885
1882;18.82;6797.443367642858
1883;18.830000000000002;6813.793190757224
1884;18.84;6830.207222476136
1885;18.85;6846.621254195054
1886;18.86;6863.035285913965
1887;18.87;6879.449317632882
1888;18.88;6895.863349351795
1889;18.89;6912.277381070711
1890;18.900000000000002;6928.691412789629
1891;18.91;6945.105444508541
1892;18.92;6961.519476227459
1893;18.93;6978.06250395202
1894;18.94;6994.6690670226535
1895;18.95;7011.2756300932815
1896;18.96;7027.882193163915
1897;18.97;7044.488756234543
1898;18.98;7061.095319305176
1899;18.990000000000002;7077.701882375811
1900;19.0;7094.308445446439
1901;19.01;7110.915008517072
1902;19.02;7127.5215715877
1903;19.03;7144.258313148497
1904;19.04;7161.059172473099
1905;19.05;7177.860031797708
1906;19.06;7194.660891122311
1907;19.07;7211.46175044692
1908;19.080000000000002;7228.262609771528
1909;19.09;7245.063469096131
1910;19.1;7261.86432842074
1911;19.11;7278.665187745342
1912;19.12;7295.466047069951
1913;19.13;7312.395637398635
1914;19.14;7329.388632550231
1915;19.150000000000002;7346.381627701826
1916;19.16;7363.3746228534155
1917;19.17;7380.367618005011
1918;19.18;7397.3606131566
1919;19.19;7414.353608308196
1920;19.2;7431.346603459785
1921;19.21;7448.339598611381
1922;19.22;7465.332593762971
1923;19.23;7482.4534870444
1924;19.240000000000002;7499.6373749270915
1925;19.25;7516.821262809776
1926;19.26;7534.005150692467
1927;19.27;7551.189038575153
1928;19.28;7568.372926457844
1929;19.29;7585.55681434053
1930;19.3;7602.740702223221
1931;19.31;7619.924590105906
1932;19.32;7637.108477988597
1933;19.330000000000002;7654.420543037849
1934;19.34;7671.795740124356
1935;19.35;7689.170937210869
1936;19.36;7706.546134297376
1937;19.37;7723.921331383889
1938;19.38;7741.296528470396
1939;19.39;7758.671725556909
1940;19.400000000000002;7776.0469226434225
1941;19.41;7793.422119729929
1942;19.42;7810.797316816443
1943;19.43;7828.298984852069
1944;19.44;7845.86294454921
1945;19.45;7863.426904246343
1946;19.46;7880.9908639434825
1947;19.47;7898.554823640617
1948;19.48;7916.118783337756
1949;19.490000000000002;7933.682743034896
1950;19.5;7951.24670273203
1951;19.51;7968.8106624291695
1952;19.52;7986.374622126303
1953;19.53;8004.06738888885
1954;19.54;8021.823597937337
1955;19.55;8039.579806985829
1956;19.56;8057.336016034316
1957;19.57;8075.09222508281
1958;19.580000000000002;8092.848434131303
1959;19.59;8110.60464317979
1960;19.6;8128.360852228283
1961;19.61;8146.11706127677
1962;19.62;8163.873270325264
1963;19.63;8181.756721442978
1964;19.64;8199.702844027632
1965;19.650000000000002;8217.648966612287
1966;19.66;8235.595089196933
1967;19.67;8253.541211781589
1968;19.68;8271.487334366235
1969;19.69;8289.43345695089
1970;19.7;8307.379579535538
1971;19.71;8325.325702120192
1972;19.72;8343.27182470484
1973;19.73;8361.343563401257
1974;19.740000000000002;8379.477172719884
1975;19.75;8397.610782038506
1976;19.76;8415.744391357135
1977;19.77;8433.878000675757
1978;19.78;8452.011609994386
1979;19.79;8470.145219313008
1980;19.8;8488.278828631635
1981;19.81;8506.412437950257
1982;19.82;8524.546047268886
1983;19.830000000000002;8542.80790250795
1984;19.84;8561.132923648116
1985;19.85;8579.45794478829
1986;19.86;8597.782965928456
1987;19.87;8616.107987068628
1988;19.88;8634.433008208794
1989;19.89;8652.758029348968
1990;19.900000000000002;8671.08305048914
1991;19.91;8689.408071629307
1992;19.92;8707.73309276948
1993;19.93;8726.180798599347
1994;19.94;8744.688931216684
1995;19.95;8763.197063834014
1996;19.96;8781.70519645135
1997;19.97;8800.21332906868
1998;19.98;8818.721461686018
1999;19.990000000000002;8837.229594303355
